Year ending September,Area name,Total recorded crime (excluding fraud),Violence against the person,Homicide,Death or serious injury - unlawful driving,Violence with injury,Violence without injury,Stalking and harassment,Sexual offences,Robbery,Theft offences,Burglary,Residential burglary,Non-residential burglary,Vehicle offences,Theft from the person,Bicycle theft,Shoplifting,Other theft offences,Criminal damage and arson,Drug offences,Possession of weapons offences,Public order offences,Miscellaneous crimes,Population mid-year estim
2024,ENGLAND AND WALES,5364061,1972843,550,1905,539091,817672,613625,199445,82347,1806484,260728,177687,83041,375048,146109,63483,492914,468202,479568,184103,57596,464831,116844,
2024,ENGLAND,5021167,1848864,520,1836,506554,768939,571015,187398,79331,1702711,251143,171936,79207,361493,131637,56884,462934,438620,444257,173340,54575,420692,109999,
2024,North East,276039,100772,29,82,29065,37904,33692,10202,2321,85682,14616,10362,4254,15324,1543,2316,32105,19778,34704,7853,2822,23980,7703,
2024,Cleveland,74419,27383,11,31,7058,10563,9720,2560,830,22363,4214,3133,1081,4226,282,549,8164,4928,9240,2759,737,6474,2073,
2024,Durham,60910,22987,4,20,5381,9567,8015,2251,242,17870,3265,2246,1019,3142,126,347,7078,3912,8985,1356,486,4812,1921,
2024,Northumbria,140710,50402,14,31,16626,17774,15957,5391,1249,45449,7137,4983,2154,7956,1135,1420,16863,10938,16479,3738,1599,12694,3709,
2024,North West,715061,291089,59,268,72902,119534,98326,27516,7554,187427,31895,22662,9233,35736,7854,5612,50592,55738,64849,35719,8706,73413,18788,
2024,Cheshire,79508,35803,4,27,9131,12720,13921,4033,422,18367,2779,2016,763,2354,336,783,6466,5649,6175,3286,726,8605,2091,
2024,Cumbria,36116,15907,4,77,4596,6454,4776,1724,168,7608,1210,745,465,953,123,203,2451,2668,3972,1914,526,3253,1044,
2024,Greater Manchester,329257,127489,25,111,28312,54211,44830,11958,4585,91189,15950,12010,3940,18667,5507,2522,21352,27191,28054,15027,4648,37336,8971,
2024,Lancashire,132337,55406,10,17,17232,20611,17536,5432,1372,39334,7463,4943,2520,8096,743,1091,10959,10982,13951,3580,1741,8120,3401,
2024,Merseyside,137843,56484,16,36,13631,25538,17263,4369,1007,30929,4493,2948,1545,5666,1145,1013,9364,9248,12697,11912,1065,16099,3281,
2024,Yorkshire and The Humber,573488,227315,47,211,57308,84571,85178,20525,6305,173150,33578,24136,9442,35645,4729,5300,52536,41362,53375,17385,5636,54123,15674,
2024,Humberside,96647,40609,3,4,11101,13135,16366,3343,942,26986,5535,4306,1229,3530,553,1507,9276,6585,9645,1693,830,9996,2603,
2024,North Yorkshire,46484,18547,3,34,5597,8276,4637,2001,196,14885,2454,1472,982,1976,209,1090,5484,3672,4878,1439,460,3094,984,
2024,South Yorkshire,151836,53285,13,20,15439,19298,18515,4994,1934,49865,10196,7755,2441,12093,1111,819,15142,10504,15401,5128,2122,13905,5202,
2024,West Yorkshire,278521,114874,28,153,25171,43862,45660,10187,3233,81414,15393,10603,4790,18046,2856,1884,22634,20601,23451,9125,2224,27128,6885,
2024,East Midlands,394770,151853,54,54,46998,56711,48036,16745,3770,119691,18406,12871,5535,21750,2788,4203,41357,31187,38328,13537,4886,35990,9970,
2024,Derbyshire,85967,36164,11,12,9323,13924,12894,3421,575,22220,3518,2452,1066,3860,560,519,7120,6643,7799,2722,995,10211,1860,
2024,Leicestershire,96411,35574,9,18,11663,11917,11967,3780,893,30139,5353,3894,1459,6811,874,1323,7614,8164,9672,2864,846,10379,2264,
2024,Lincolnshire,55127,23139,14,5,6828,9239,7053,2667,410,15603,2538,1730,808,2062,206,665,6257,3875,5555,1358,514,4257,1624,
2024,Northamptonshire,59774,24086,7,2,7191,9540,7346,3005,784,17864,2908,1943,965,4214,222,562,5495,4463,5126,2810,928,3735,1436,
2024,Nottinghamshire,97491,32890,13,17,11993,12091,8776,3872,1108,33865,4089,2852,1237,4803,926,1134,14871,8042,10176,3783,1603,7408,2786,
2024,West Midlands Region,530330,211752,55,281,59309,85379,66728,20444,9703,171955,29678,20858,8820,46568,3861,4036,48564,39248,44830,12982,9086,38891,10687,
2024,Staffordshire,86929,36983,13,25,10487,11536,14922,3780,776,24534,4539,3236,1303,5303,297,788,7105,6502,7795,2157,1106,8016,1782,
2024,Warwickshire,40212,14825,4,31,4829,5770,4191,1787,416,13821,2322,1532,790,4105,206,451,3503,3234,3224,1109,610,3325,1095,
2024,West Mercia,82184,32888,6,117,9887,12390,10488,3616,582,25537,4400,2866,1534,3967,337,685,9414,6734,7575,2239,1076,6786,1885,
2024,West Midlands,321005,127056,32,108,34106,55683,37127,11261,7929,108063,18417,13224,5193,33193,3021,2112,28542,22778,26236,7477,6294,20764,5925,
2024,East,452583,174603,52,332,47439,80242,46538,18666,4336,146438,20873,13823,7050,33133,4316,5970,44048,38098,42450,14419,5301,35422,10948,
2024,Bedfordshire,51762,18726,8,59,5091,8452,5116,1995,595,18289,2685,1601,1084,5033,538,571,5275,4187,4332,1630,556,4505,1134,
2024,Cambridgeshire,68544,24876,7,93,5599,12649,6528,2665,639,23349,3395,2074,1321,4184,905,2001,7189,5675,6625,1876,901,5699,1914,
2024,Essex,149862,58976,11,75,14626,26964,17300,5578,1419,48142,6938,4975,1963,13494,1136,1332,13266,11976,13160,5524,1725,12063,3275,
2024,Hertfordshire,77608,28026,10,49,8152,12114,7701,2725,1125,30106,3867,2777,1090,6817,1001,879,9156,8386,6862,2066,653,4441,1604,
2024,Norfolk,59236,25070,8,37,7921,11214,5890,3154,356,14599,2021,1273,748,1626,384,744,5499,4325,6509,1968,858,4893,1829,
2024,Suffolk,45571,18929,8,19,6050,8849,4003,2549,202,11953,1967,1123,844,1979,352,443,3663,3549,4962,1355,608,3821,1192,
2024,London,952364,244037,110,131,71945,114647,57204,25209,35543,477020,54899,35925,18974,105211,97357,16306,80041,123206,58730,36677,5247,59341,10560,
2024,City of London,7834,1363,0,0,383,851,129,187,168,4225,330,25,305,111,1375,240,1529,640,412,564,80,664,171,
2024,Metropolitan Police,944530,242674,110,131,71562,113796,57075,25022,35375,472795,54569,35900,18669,105100,95982,16066,78512,122566,58318,36113,5167,58677,10389,
2024,South East,704460,273035,66,321,73881,117961,80806,28397,5722,220387,29301,19895,9406,45355,6510,8650,73704,56867,66310,24348,8832,60664,16765,
2024,Hampshire,158210,64385,14,107,18545,24702,21017,6980,1143,45648,6835,4532,2303,9495,1069,1693,15092,11464,13461,6063,2232,15515,2783,
2024,Kent,163168,69119,19,108,16463,32018,20511,6364,1080,46514,6217,4527,1690,9870,999,1096,15595,12737,18173,5364,1743,9342,5469,
2024,Surrey,74395,27802,11,37,6959,12610,8185,2785,522,23279,3680,2794,886,5670,486,669,6596,6178,6820,2462,702,8142,1881,
2024,Sussex,135164,48537,10,49,15256,21423,11799,5789,1318,43692,5277,3145,2132,6756,1274,1521,18256,10608,13207,4204,2588,12602,3227,
2024,Thames Valley,173523,63192,12,20,16658,27208,19294,6479,1659,61254,7292,4897,2395,13564,2682,3671,18165,15880,14649,6255,1567,15063,3405,
2024,South West,422072,174408,48,156,47707,71990,54507,19694,4077,120961,17897,11404,6493,22771,2679,4491,39987,33136,40681,10420,4059,38868,8904,
2024,Avon and Somerset,163882,65907,23,8,15259,27776,22841,7233,2461,49907,7009,4511,2498,10101,847,2188,17409,12353,13414,2613,1131,18389,2827,
2024,Devon and Cornwall,118665,52112,9,102,16021,21805,14175,6215,644,28375,3863,2371,1492,3642,938,551,9750,9631,13720,4494,1669,8337,3099,
2024,Dorset,51354,19905,3,2,6212,7698,5990,2213,361,17512,2918,1822,1096,4265,361,689,4812,4467,5276,1223,460,3786,618,
2024,Gloucestershire,48456,20264,10,35,4835,7804,7580,2034,390,14022,2399,1692,707,2401,272,594,4322,4034,3941,1036,425,4865,1479,
2024,Wiltshire,39715,16220,3,9,5380,6907,3921,1999,221,11145,1708,1008,700,2362,261,469,3694,2651,4330,1054,374,3491,881,
2024,WALES,261331,109468,22,69,28675,38414,42288,9882,1092,67851,9127,5747,3380,11796,1398,2317,25715,17498,27113,7283,2179,30176,6287,
2024,Dyfed-Powys,36752,17544,3,28,3850,6446,7217,1550,100,6947,1456,961,495,730,132,98,2161,2370,3900,1609,369,3872,861,
2024,Gwent,58154,23647,2,6,6430,8414,8795,1823,328,14385,2277,1426,851,3100,168,276,4870,3694,7051,1587,423,7264,1646,
2024,North Wales,53871,25586,4,8,6479,9468,9627,2366,161,12019,1843,1227,616,1225,191,269,4692,3799,5991,1343,453,4601,1351,
2024,South Wales,112554,42691,13,27,11916,14086,16649,4143,503,34500,3551,2133,1418,6741,907,1674,13992,7635,10171,2744,934,14439,2429,
2024,British Transport Police,81563,14511,8,0,3862,10319,322,2165,1924,35922,458,4,454,1759,13074,4282,4265,12084,8198,3480,842,13963,558,
2023,ENGLAND AND WALES,5524986,2067168,591,1220,566032,820579,678746,191186,79091,1773422,273076,187749,85327,397264,120146,70868,402482,509586,515571,181810,58793,539807,118138,
2023,ENGLAND,5183024,1941525,568,1165,533850,771905,634037,179399,76372,1676335,263506,181912,81594,384241,108073,63267,378127,479121,477729,170877,56034,493101,111652,
2023,North East,296542,111485,38,45,30513,39824,41065,10144,2254,86215,14487,10547,3940,16805,1668,2583,28255,22417,38506,7188,2636,30453,7661,
2023,Cleveland,82074,30489,13,22,7459,10970,12025,2670,918,23867,5109,4073,1036,4492,453,695,7606,5512,10333,2474,706,8481,2136,
2023,Durham,67739,26915,7,11,5703,10527,10667,2438,228,17298,3123,2242,881,2776,158,439,6497,4305,9585,1482,465,7382,1946,
2023,Northumbria,146729,54081,18,12,17351,18327,18373,5036,1108,45050,6255,4232,2023,9537,1057,1449,14152,12600,18588,3232,1465,14590,3579,
2023,North West,766158,308799,73,177,75726,120303,112520,25822,7900,198577,36105,25361,10744,41672,10678,6943,42372,60807,73345,31949,9084,92148,18534,
2023,Cheshire,82871,36735,5,9,9462,12976,14283,3678,416,18565,3118,2315,803,2616,352,944,5593,5942,7035,3021,809,10655,1957,
2023,Cumbria,36967,16052,2,31,4755,5990,5274,1611,164,7598,1405,838,567,978,129,226,2034,2826,4685,1457,520,4053,827,
2023,Greater Manchester,361191,138103,36,69,30027,53211,54760,11639,5024,100563,18687,13393,5294,23182,7453,3130,17182,30929,32016,13302,4829,46144,9571,
2023,Lancashire,126165,52853,17,10,16705,19912,16209,4534,1068,37622,7208,4705,2503,7913,774,1267,9653,10807,14919,2645,1662,8029,2833,
2023,Merseyside,158964,65056,13,58,14777,28214,21994,4360,1228,34229,5687,4110,1577,6983,1970,1376,7910,10303,14690,11524,1264,23267,3346,
2023,Yorkshire and The Humber,618986,248363,58,139,62756,89823,95587,19852,6360,173903,35079,25435,9644,35477,5158,5949,46948,45292,60602,16314,5727,71580,16285,
2023,Humberside,103315,41428,15,10,11849,13613,15941,3509,921,27637,5666,4280,1386,3571,459,1747,8809,7385,11362,1496,732,13596,2634,
2023,North Yorkshire,49174,20311,3,6,6183,8463,5656,2215,223,14102,2295,1347,948,1929,262,1153,4386,4077,5284,1388,422,4269,960,
2023,South Yorkshire,159448,56669,17,17,16501,19878,20256,4552,2045,50884,11701,8895,2806,12759,1090,892,12715,11727,16902,4610,2112,16492,5182,
2023,West Yorkshire,307049,129955,23,106,28223,47869,53734,9576,3171,81280,15417,10913,4504,17218,3347,2157,21038,22103,27054,8820,2461,37223,7509,
2023,East Midlands,419236,161865,55,63,47529,59895,54323,16103,3832,124795,20540,14272,6268,24038,3069,5011,36601,35536,42202,13457,4927,41368,10687,
2023,Derbyshire,90181,37258,13,17,9249,14654,13325,3456,785,23899,4185,2974,1211,4804,673,684,6136,7417,8714,2173,945,10939,2012,
2023,Leicestershire,103806,39808,14,8,13797,12025,13964,3860,830,29204,5127,3498,1629,6763,860,1615,5496,9343,10622,3422,877,12698,2485,
2023,Lincolnshire,57234,23014,9,9,6775,8709,7512,2488,374,17174,3276,2232,1044,2404,163,798,5811,4722,5923,1638,610,4504,1509,
2023,Northamptonshire,62116,26395,7,9,7149,10618,8612,2742,800,17604,3099,2104,995,4096,324,531,4331,5223,5600,2140,938,4149,1748,
2023,Nottinghamshire,105899,35390,12,20,10559,13889,10910,3557,1043,36914,4853,3464,1389,5971,1049,1383,14827,8831,11343,4084,1557,9078,2933,
2023,West Midlands Region,572937,233851,70,150,65348,88793,79490,19478,10573,178688,32227,23048,9179,52306,5387,4477,39508,44783,48544,12896,9669,48176,11062,
2023,Staffordshire,91057,40829,9,8,11613,11353,17846,3450,854,24515,4293,2896,1397,5818,407,940,5739,7318,8324,1861,944,8342,1938,
2023,Warwickshire,40775,15120,5,22,4754,5784,4555,1626,392,13790,2357,1535,822,4431,293,466,2673,3570,3790,1038,675,3383,961,
2023,West Mercia,91994,36196,12,79,11012,12982,12111,3913,644,28766,5120,3491,1629,4859,421,806,9435,8125,8516,2143,1066,8807,1943,
2023,West Midlands,349111,141706,44,41,37969,58674,44978,10489,8683,111617,20457,15126,5331,37198,4266,2265,21661,25770,27914,7854,6984,27644,6220,
2023,East,466102,180863,50,247,48463,81825,50278,18280,4031,146245,20510,13729,6781,35563,4329,6864,37174,41805,44646,14983,5332,40706,11016,
2023,Bedfordshire,49399,17551,13,44,4766,7849,4879,1704,541,17134,2344,1505,839,5016,517,626,3896,4735,4266,1819,638,4644,1102,
2023,Cambridgeshire,72045,25689,8,69,5699,12501,7412,2622,669,24036,3600,2207,1393,5098,874,2247,5813,6404,7165,1785,830,7382,1867,
2023,Essex,158208,63705,17,38,14958,28169,20523,5828,1548,48178,6973,5135,1838,14173,1167,1529,11098,13238,13978,5649,1800,14088,3434,
2023,Hertfordshire,75959,26272,4,63,8547,12141,5517,2474,702,30668,3825,2549,1276,7558,1017,1026,8276,8966,7379,2152,611,4223,1478,
2023,Norfolk,62540,27270,3,24,8286,11851,7106,3095,326,14333,1919,1209,710,1712,402,875,4589,4836,6849,2103,842,5932,1790,
2023,Suffolk,47951,20376,5,9,6207,9314,4841,2557,245,11896,1849,1124,725,2006,352,561,3502,3626,5009,1475,611,4437,1345,
2023,London,914781,248169,117,97,79224,107241,61490,24704,32325,434547,56343,38009,18334,105629,67827,16408,53202,135138,56040,40930,6290,59982,11794,
2023,City of London,7496,1147,0,0,325,662,160,169,131,4438,312,21,291,131,1178,172,766,1879,260,576,67,523,185,
2023,Metropolitan Police,907285,247022,117,97,78899,106579,61330,24535,32194,430109,56031,37988,18043,105498,66649,16236,52436,133259,55780,40354,6223,59459,11609,
2023,South East,734062,289155,59,169,78358,119830,90739,27838,5351,220901,30992,20646,10346,50473,6993,9825,61475,61143,72076,23488,8665,70102,16486,
2023,Hampshire,170384,69956,15,21,20628,25959,23333,7054,1384,46808,7814,5130,2684,10804,1116,2051,12861,12162,15294,5793,2279,19059,2757,
2023,Kent,171594,73757,18,77,17915,33868,21879,6439,1115,46238,6196,4438,1758,9396,1084,1178,14376,14008,19813,5500,1533,11333,5866,
2023,Surrey,74072,27918,4,16,7242,12144,8512,2456,464,23116,3698,2722,976,6602,466,918,4626,6806,7224,2445,668,8121,1660,
2023,Sussex,134758,48161,10,35,14778,19734,13604,5444,1041,43798,5332,3070,2262,7936,1129,2056,16083,11262,13749,3768,2420,13710,2667,
2023,Thames Valley,183254,69363,12,20,17795,28125,23411,6445,1347,60941,7952,5286,2666,15735,3198,3622,13529,16905,15996,5982,1765,17879,3536,
2023,South West,394220,158975,48,78,45933,64371,48545,17178,3746,112464,17223,10865,6358,22278,2964,5207,32592,32200,41768,9672,3704,38586,8127,
2023,Avon and Somerset,142455,53130,15,3,13546,22313,17253,5465,1952,44352,6217,3972,2245,9623,934,2391,13434,11753,14156,2662,1008,17339,2391,
2023,Devon and Cornwall,103279,45416,15,62,14955,18600,11784,5586,625,23783,3413,1977,1436,3951,931,630,6722,8136,12562,3835,1531,7386,2555,
2023,Dorset,51683,19998,7,6,5714,7616,6655,2135,446,17390,2824,1809,1015,4003,476,749,4486,4852,5710,1026,327,4040,611,
2023,Gloucestershire,54008,23060,7,2,5739,8482,8830,2151,392,14562,2917,1996,921,2415,344,787,3780,4319,4544,1088,399,6184,1628,
2023,Wiltshire,42795,17371,4,5,5979,7360,4023,1841,331,12377,1852,1111,741,2286,279,650,4170,3140,4796,1061,439,3637,942,
2023,WALES,269561,112936,22,55,28704,39743,44412,9835,991,65543,9203,5836,3367,11186,1457,2606,21640,19451,29875,7826,1995,34540,6020,
2023,Dyfed-Powys,40873,19933,5,4,3751,7258,8915,1605,70,6673,1254,854,400,540,208,121,1935,2615,4163,1979,286,5311,853,
2023,Gwent,58662,24071,4,16,6246,8314,9491,1740,315,12800,2237,1490,747,2739,228,274,3560,3762,7309,1388,446,9058,1535,
2023,North Wales,58714,27494,4,3,6408,10679,10400,2468,144,12793,1839,1233,606,1132,121,289,4842,4570,6594,1445,396,6041,1339,
2023,South Wales,111312,41438,9,32,12299,13492,15606,4022,462,33277,3873,2259,1614,6775,900,1922,11303,8504,11809,3014,867,14130,2293,
2023,British Transport Police,72401,12707,1,0,3478,8931,297,1952,1728,31544,367,1,366,1837,10616,4995,2715,11014,7967,3107,764,12166,466,
2022,ENGLAND AND WALES,5531610,2135492,663,790,580542,834067,719430,199021,70881,1635270,277237,195692,81545,391613,102007,78619,304491,481303,543590,177105,54430,599939,115882,
2022,ENGLAND,5197575,2006236,620,765,547500,785744,671607,186714,68544,1553373,267041,188678,78363,379493,94301,70873,287015,454650,504111,166504,52000,550383,109710,
2022,North East,279642,106450,39,53,29916,38338,38104,10099,1870,75427,14594,10338,4256,14744,1656,3079,19516,21838,39409,6308,2350,30832,6897,
2022,Cleveland,79547,29730,9,13,7141,10899,11668,2625,859,22039,4632,3515,1117,4075,536,829,6490,5477,10650,2123,707,8842,1972,
2022,Durham,59766,23928,4,22,5741,8805,9356,2226,178,14411,3144,2151,993,2513,222,392,4134,4006,9500,1419,402,6058,1644,
2022,Northumbria,140329,52792,26,18,17034,18634,17080,5248,833,38977,6818,4672,2146,8156,898,1858,8892,12355,19259,2766,1241,15932,3281,
2022,North West,804790,328253,92,168,80425,128904,118664,27449,8194,201817,43032,31595,11437,43994,10042,7372,37727,59650,79091,25887,8302,107260,18537,
2022,Cheshire,88677,41296,2,11,10406,13869,17008,3750,404,17869,3266,2442,824,2856,364,970,4271,6142,7810,1761,478,13613,1696,
2022,Cumbria,39345,17306,2,12,5013,6338,5941,1814,152,7841,1675,1046,629,912,98,237,2058,2861,5313,1011,363,4760,785,
2022,Greater Manchester,366124,138655,46,97,31694,55369,51449,11672,5255,103291,23400,17924,5476,25497,6274,3280,16006,28834,33251,8463,4625,51800,9112,
2022,Lancashire,138295,59941,19,19,17564,22893,19446,5353,1039,37658,8155,5324,2831,7485,929,1146,8178,11765,16740,2503,1474,10251,3336,
2022,Merseyside,172349,71055,23,29,15748,30435,24820,4860,1344,35158,6536,4859,1677,7244,2377,1739,7214,10048,15977,12149,1362,26836,3608,
2022,Yorkshire and The Humber,613893,247344,76,89,64622,89311,93246,19560,5724,160981,32897,23988,8909,35208,5139,6223,37191,44323,65707,15403,5291,78216,15667,
2022,Humberside,96206,37027,5,5,11340,13297,12380,3314,745,26280,5355,4086,1269,4308,459,2031,7499,6628,11943,1662,501,11947,2787,
2022,North Yorkshire,48657,20750,13,5,7220,7788,5724,2130,261,12411,2128,1379,749,1661,315,1082,3311,3914,5699,1442,319,4862,783,
2022,South Yorkshire,157457,57711,25,17,16399,21121,20149,4574,1840,46983,11467,8651,2816,12643,1151,1088,8918,11716,18435,3841,1842,17203,5028,
2022,West Yorkshire,311573,131856,33,62,29663,47105,54993,9542,2878,75307,13947,9872,4075,16596,3214,2022,17463,22065,29630,8458,2629,44204,7069,
2022,East Midlands,413463,163503,49,65,47813,60354,55222,16689,3593,114504,20136,13830,6306,24054,3151,5502,27346,34315,44667,13052,4809,42191,10455,
2022,Derbyshire,83793,35614,7,13,8940,13970,12684,3512,633,20139,3762,2590,1172,4549,731,625,4024,6448,8728,2231,1001,10024,1911,
2022,Leicestershire,105199,40531,10,17,13118,12870,14516,4054,779,27961,5089,3513,1576,6688,868,2019,4094,9203,11244,3258,973,13857,2542,
2022,Lincolnshire,57261,23487,11,16,6681,9120,7659,2540,363,15972,3230,2133,1097,2503,165,908,4695,4471,6557,1358,536,5105,1343,
2022,Northamptonshire,63611,27810,7,8,7472,11148,9175,2968,778,16418,3010,2033,977,4104,356,469,3271,5208,6315,2153,937,4645,1587,
2022,Nottinghamshire,103599,36061,14,11,11602,13246,11188,3615,1040,34014,5045,3561,1484,6210,1031,1481,11262,8985,11823,4052,1362,8560,3072,
2022,West Midlands Region,594706,254980,75,69,68337,94750,91749,20453,10281,168556,32560,23595,8965,51136,5505,4717,30375,44263,52430,13068,9377,54715,10846,
2022,Staffordshire,87793,39403,9,3,11559,11665,16167,3829,914,23596,4079,2779,1300,5238,520,1031,5160,7568,8943,2120,746,6634,1608,
2022,Warwickshire,41639,16096,3,9,4681,6474,4929,1626,370,13244,2182,1479,703,4318,236,463,2228,3817,4130,944,556,3678,995,
2022,West Mercia,93590,39826,24,29,11500,14060,14213,4045,674,25797,4893,3427,1466,4994,484,709,6845,7872,9135,1997,979,9422,1715,
2022,West Midlands,371684,159655,39,28,40597,62551,56440,10953,8323,105919,21406,15910,5496,36586,4265,2514,16142,25006,30222,8007,7096,34981,6528,
2022,East,488816,199404,65,127,51001,85269,62942,19999,3920,136459,20752,13857,6895,33479,4486,7255,29564,40923,47812,15376,4871,49472,11503,
2022,Bedfordshire,52733,19084,11,24,5088,8233,5728,1756,612,17466,2847,1809,1038,5217,470,704,3609,4619,4742,1835,520,5523,1195,
2022,Cambridgeshire,69388,25684,5,42,5885,12061,7691,2768,638,21142,3374,2057,1317,4669,769,2325,3956,6049,6962,1976,780,7681,1757,
2022,Essex,168945,72663,20,19,16389,29484,26751,6553,1440,44205,6814,4909,1905,12458,1219,1565,9398,12751,15771,5357,1595,17801,3560,
2022,Hertfordshire,75720,27701,12,25,8723,12511,6430,2616,567,27774,3613,2417,1196,7268,1168,1036,6131,8558,7493,2455,574,5095,1445,
2022,Norfolk,69208,31285,11,11,8693,12735,9835,3465,359,13736,2068,1319,749,1776,419,970,3557,4946,7275,2140,793,7814,2341,
2022,Suffolk,52822,22987,6,6,6223,10245,6507,2841,304,12136,2036,1346,690,2091,441,655,2913,4000,5569,1613,609,5558,1205,
2022,London,869301,243933,106,11,77869,101365,64582,25909,26679,393472,54107,38786,15321,109204,55185,19374,37694,117908,54142,46189,6350,60363,12264,
2022,City of London,7236,1282,1,0,433,740,108,130,101,4071,279,17,262,224,1247,204,685,1432,302,577,59,504,210,
2022,Metropolitan Police,862065,242651,105,11,77436,100625,64474,25779,26578,389401,53828,38769,15059,108980,53938,19170,37009,116476,53840,45612,6291,59859,12054,
2022,South East,735161,298392,64,137,79589,121825,96777,29033,5082,200143,30839,21095,9744,46665,6670,11406,44400,60163,75681,20666,7261,83202,15701,
2022,Hampshire,178553,77294,19,22,22029,29024,26200,7555,1338,43836,8558,6031,2527,10583,1026,2629,8918,12122,16101,5366,2132,22152,2779,
2022,Kent,180349,80870,16,76,18265,35931,26582,6830,1341,45216,7003,4967,2036,9869,1046,1125,12023,14150,21427,4098,1467,13390,5710,
2022,Surrey,71621,26540,3,10,7146,11742,7639,2585,401,21420,3578,2721,857,5827,599,1113,3564,6739,7545,2296,580,8814,1440,
2022,Sussex,125181,47238,5,17,14369,18377,14470,5411,990,34825,4530,2610,1920,6394,1042,2165,9541,11153,13646,3362,1760,15197,2752,
2022,Thames Valley,179457,66450,21,12,17780,26751,21886,6652,1012,54846,7170,4766,2404,13992,2957,4374,10354,15999,16962,5544,1322,23649,3020,
2022,South West,397803,163977,54,46,47928,65628,50321,17523,3201,102014,18124,11594,6530,21009,2467,5945,23202,31267,45172,10555,3389,44132,7840,
2022,Avon and Somerset,142673,54293,19,1,13383,23267,17623,5459,1537,40071,6829,4711,2118,9068,879,2837,9176,11282,14726,2856,888,20208,2635,
2022,Devon and Cornwall,105181,47112,14,31,16270,18119,12678,5623,631,21487,3568,1625,1943,3671,592,607,5432,7617,13662,4358,1418,8460,2430,
2022,Dorset,51120,19937,6,5,6088,7919,5919,2429,370,16075,2832,1922,910,4062,404,990,3030,4757,6318,1093,316,3926,656,
2022,Gloucestershire,56602,25135,11,8,6207,8847,10062,2169,348,13292,3024,2091,933,2107,321,776,2717,4347,5354,1175,345,7477,1307,
2022,Wiltshire,42227,17500,4,1,5980,7476,4039,1843,315,11089,1871,1245,626,2101,271,735,2847,3264,5112,1073,422,4061,812,
2022,WALES,276060,117885,38,25,29880,40381,47561,10346,1040,59514,10192,7010,3182,10565,1485,2494,15939,18839,32328,7874,1744,39589,5740,
2022,Dyfed-Powys,44127,21908,10,8,4065,7325,10500,1737,85,6625,1285,923,362,638,101,177,1667,2757,4855,1882,276,5900,859,
2022,Gwent,58563,23543,12,4,6184,8189,9154,1866,306,11572,2730,1908,822,2344,201,262,2358,3677,8459,1241,358,9768,1450,
2022,North Wales,67720,32077,4,4,7301,12036,12732,2879,156,12200,2117,1466,651,1311,255,349,3794,4374,7565,1528,406,9447,1462,
2022,South Wales,105650,40357,12,9,12330,12831,15175,3864,493,29117,4060,2713,1347,6272,928,1706,8120,8031,11449,3223,704,14474,1969,
2022,British Transport Police,57975,11371,5,0,3162,7942,262,1961,1297,22383,4,4,0,1555,6221,5252,1537,7814,7151,2727,686,9967,432,
2021,ENGLAND AND WALES,4921959,1928366,666,706,499880,736185,690929,170973,61486,1361665,258594,189093,69501,342627,64570,74602,248866,372406,502138,191402,45408,548177,112344,
2021,ENGLAND,4634871,1816365,628,660,472393,696152,646532,161388,59661,1298556,248259,181820,66439,332077,60758,69309,235932,352221,466001,177610,43154,505839,106297,
2021,North East,253331,98783,20,39,24373,34297,40054,8622,1470,61229,12265,9079,3186,10986,1318,2473,15996,18191,36429,7066,1916,30580,7236,
2021,Cleveland,67850,26139,8,16,5677,9633,10805,2239,615,17246,4017,3044,973,2889,308,557,4857,4618,9187,2332,585,7597,1910,
2021,Durham,56398,24737,6,15,5038,8158,11520,1927,169,12074,2535,1809,726,2135,230,377,3293,3504,8555,1377,304,5633,1622,
2021,Northumbria,129083,47907,6,8,13658,16506,17729,4456,686,31909,5713,4226,1487,5962,780,1539,7846,10069,18687,3357,1027,17350,3704,
2021,North West,716779,291794,101,150,69208,113371,108964,23670,7549,171714,40380,30361,10019,40489,7126,6885,30492,46342,74743,26307,7039,96405,17558,
2021,Cheshire,87299,40575,5,5,9439,12950,18176,3365,414,16148,3338,2572,766,2542,262,827,3965,5214,7888,1845,332,15092,1640,
2021,Cumbria,32686,14509,5,8,3971,5316,5209,1406,147,6112,1340,868,472,697,92,188,1534,2261,4503,1025,233,4134,617,
2021,Greater Manchester,322380,121342,55,86,26351,50197,44653,10418,4897,86537,20928,16276,4652,24185,4590,3345,12401,21088,31666,8131,3908,46687,8794,
2021,Lancashire,129096,56388,18,22,15722,20297,20329,4526,969,32887,7694,5158,2536,6583,736,924,6591,10359,16085,2989,1387,10691,3174,
2021,Merseyside,145318,58980,18,29,13725,24611,20597,3955,1122,30030,7080,5487,1593,6482,1446,1601,6001,7420,14601,12317,1179,19801,3333,
2021,Yorkshire and The Humber,535525,217379,59,117,54144,77507,85552,17098,4672,130315,29859,21977,7882,28887,3169,5031,27593,35776,59384,17286,4934,69191,15266,
2021,Humberside,86906,34675,11,22,9785,12228,12629,2699,665,20779,4965,3766,1199,2998,336,1304,5466,5710,10619,2235,580,12077,2577,
2021,North Yorkshire,43445,18181,4,14,6270,6675,5218,1843,231,10502,2070,1281,789,1455,135,935,2866,3041,5424,1798,366,4236,864,
2021,South Yorkshire,137761,50233,17,13,13235,17676,19292,4126,1466,38838,10117,7394,2723,10585,720,985,6881,9550,16168,4679,1701,15718,4832,
2021,West Yorkshire,267413,114290,27,68,24854,40928,48413,8430,2310,60196,12707,9536,3171,13849,1978,1807,12380,17475,27173,8574,2287,37160,6993,
2021,East Midlands,375262,150064,60,34,42721,51953,55296,14552,3115,97760,18537,13249,5288,20875,2254,5017,23135,27942,41287,14129,3971,40369,10015,
2021,Derbyshire,81054,33852,15,9,8536,12598,12694,3019,594,19330,3992,2865,1127,4072,487,735,4360,5684,8861,2660,843,9859,2036,
2021,Leicestershire,92207,36723,15,13,12238,9807,14650,3715,723,21769,3931,2890,1041,5357,604,1550,3293,7034,9969,3641,824,12410,2433,
2021,Lincolnshire,50691,20504,16,5,5494,7648,7341,2076,298,13716,2950,2046,904,2145,134,811,3829,3847,5975,1606,499,4758,1259,
2021,Northamptonshire,61437,27332,8,2,7119,10495,9708,2715,718,14853,2965,2051,914,3817,277,639,2739,4416,5925,1981,733,5650,1530,
2021,Nottinghamshire,89873,31653,6,5,9334,11405,10903,3027,782,28092,4699,3397,1302,5484,752,1282,8914,6961,10557,4241,1072,7692,2757,
2021,West Midlands Region,509580,229237,100,82,57827,83651,87577,18134,8868,134045,28015,20804,7211,39580,3607,4171,24423,34249,42496,12020,6720,47639,10421,
2021,Staffordshire,68107,31121,17,1,7597,10065,13441,2683,657,18089,3031,2047,984,3876,312,662,4432,5776,8019,1289,529,4516,1204,
2021,Warwickshire,37280,15342,12,12,4082,6006,5230,1435,324,10767,1858,1282,576,3086,161,356,2174,3132,3563,1255,428,3317,849,
2021,West Mercia,77714,33624,19,25,9370,11962,12248,3560,480,20624,4501,3234,1267,3614,386,628,5305,6190,8134,2489,798,6438,1567,
2021,West Midlands,326479,149150,52,44,36778,55618,56658,10456,7407,84565,18625,14241,4384,29004,2748,2525,12512,19151,22780,6987,4965,33368,6801,
2021,East,452963,187499,56,77,43918,77959,65489,17147,3632,119708,19577,13557,6020,30536,3228,7762,25271,33334,44903,16824,3751,48323,11176,
2021,Bedfordshire,48787,17839,9,11,4401,7631,5787,1542,519,15427,2746,1862,884,4726,370,726,3115,3744,4733,1761,429,5474,1063,
2021,Cambridgeshire,62955,23646,8,22,4940,11385,7291,2332,641,18523,3176,1878,1298,3921,539,2957,2922,5008,6683,2004,641,6830,1655,
2021,Essex,154561,68672,21,18,13977,26379,28277,5760,1293,37042,6181,4659,1522,10664,970,1489,7661,10077,14134,6112,1188,16962,3398,
2021,Hertfordshire,72415,25908,4,19,7806,11532,6547,2243,608,26096,3514,2461,1053,7232,801,1131,6407,7011,7183,2750,569,5494,1564,
2021,Norfolk,65950,30734,7,6,7524,12139,11058,2819,321,11611,1975,1361,614,1619,285,923,2673,4136,6993,2427,524,8184,2337,
2021,Suffolk,48295,20700,7,1,5270,8893,6529,2451,250,11009,1985,1336,649,2374,263,536,2493,3358,5177,1770,400,5379,1159,
2021,London,771092,227526,130,0,68780,90772,67844,22026,22937,324163,54442,41473,12969,99604,33090,22280,33674,81073,51512,47195,5807,58147,11779,
2021,City of London,4075,602,0,0,172,341,89,65,89,1948,127,18,109,114,429,253,559,466,194,612,40,342,183,
2021,Metropolitan Police,767017,226924,130,0,68608,90431,67755,21961,22848,322215,54315,41455,12860,99490,32661,22027,33115,80607,51318,46583,5767,57805,11596,
2021,South East,670704,272339,56,114,69653,111329,91187,25551,4479,172472,29109,20832,8277,41358,5129,10535,37006,49335,71887,24834,6112,77031,15999,
2021,Hampshire,154108,63840,14,12,18500,25164,20150,6280,1193,37801,8032,5722,2310,8853,780,2330,8414,9392,15054,5847,1802,19732,2559,
2021,Kent,171307,79641,9,48,16822,33984,28778,6277,1121,37549,6452,4940,1512,8178,818,1024,9374,11703,20782,4376,1207,14489,5865,
2021,Surrey,67294,24820,3,14,6617,10330,7856,2286,388,18626,3414,2658,756,5287,378,982,3036,5529,7495,2998,550,8631,1500,
2021,Sussex,112112,42466,10,33,12237,17038,13148,4712,823,29800,4216,2557,1659,6619,803,1985,7180,8997,12680,4530,1432,12832,2837,
2021,Thames Valley,165883,61572,20,7,15477,24813,21255,5996,954,48696,6995,4955,2040,12421,2350,4214,9002,13714,15876,7083,1121,21347,3238,
2021,South West,349635,141744,46,47,41769,55313,44569,14588,2939,87150,16075,10488,5587,19762,1837,5155,18342,25979,43360,11949,2904,38154,6847,
2021,Avon and Somerset,127181,47260,12,1,11292,19991,15964,4652,1446,34130,6144,4498,1646,8846,828,2477,6735,9100,14226,3243,832,19074,2318,
2021,Devon and Cornwall,95690,42988,20,31,14309,15805,12823,4785,501,18251,3329,1574,1755,3215,415,475,4225,6592,13126,4721,1173,7939,2206,
2021,Dorset,48415,18754,3,0,5529,7269,5953,2045,371,14894,2800,1756,1044,3747,267,1202,2487,4391,6422,1229,283,3864,553,
2021,Gloucestershire,40424,16829,10,14,5139,5736,5930,1594,304,10537,2201,1599,602,1997,174,485,2496,3184,4707,1453,283,3734,983,
2021,Wiltshire,37925,15913,1,1,5500,6512,3899,1512,317,9338,1601,1061,540,1957,153,516,2399,2712,4879,1303,333,3543,787,
2021,WALES,245362,103864,36,46,25334,34228,44220,8495,1005,51383,10334,7272,3062,9862,930,2156,12131,15970,28854,10119,1479,34561,5602,
2021,Dyfed-Powys,38196,18749,3,4,3391,6168,9183,1454,47,5714,1299,938,361,646,96,146,1219,2308,4098,1843,249,5230,812,
2021,Gwent,49478,19113,7,7,5023,6412,7664,1490,265,10394,2464,1814,650,2262,133,324,2115,3096,7360,1606,243,7594,1413,
2021,North Wales,58748,28328,12,9,6193,10493,11621,2278,209,9993,1920,1329,591,1135,124,291,2871,3652,6586,1704,291,7999,1360,
2021,South Wales,98940,37674,14,26,10727,11155,15752,3273,484,25282,4651,3191,1460,5819,577,1395,5926,6914,10810,4966,696,13738,2017,
2021,British Transport Police,41726,8137,2,0,2153,5805,177,1090,820,11726,1,1,0,688,2882,3137,803,4215,7283,3673,775,7777,445,
2020,ENGLAND AND WALES,4961284,1791757,698,799,513174,721106,555980,153136,75070,1588165,325434,233194,92240,397985,80702,81536,284622,417886,521383,198780,46679,477449,108865,
2020,ENGLAND,4661583,1684628,676,770,484280,679902,519000,143682,73189,1505789,313045,224774,88271,385262,71481,75091,268207,392703,484125,184831,44220,438688,102431,
2020,North East,263102,96457,26,28,24172,34319,37912,7750,1551,73109,14871,10622,4249,13467,1732,2727,18625,21687,37976,6921,1994,30031,7313,
2020,Cleveland,65829,24032,10,7,5507,9242,9266,1836,604,18777,4625,3549,1076,3313,388,589,4914,4948,9662,2112,608,6306,1892,
2020,Durham,61445,26203,3,7,5322,8594,12277,1837,206,15538,3631,2486,1145,2782,211,398,4043,4473,8620,1463,288,5516,1774,
2020,Northumbria,135828,46222,13,14,13343,16483,16369,4077,741,38794,6615,4587,2028,7372,1133,1740,9668,12266,19694,3346,1098,18209,3647,
2020,North West,671175,249964,106,162,67996,102157,79543,20068,8229,194397,47102,34296,12806,45773,8465,8007,34629,50421,75978,26118,6784,74257,15380,
2020,Cheshire,91588,39593,15,3,9854,13901,15820,2948,443,19685,4059,3036,1023,3097,393,1283,5227,5626,9319,1967,383,15399,1851,
2020,Cumbria,35525,15359,7,20,4297,5794,5241,1352,121,7270,1881,1199,682,884,90,219,1767,2429,5110,1049,264,4357,643,
2020,Greater Manchester,278276,88870,47,69,24171,39323,25260,8361,5496,96527,23502,17629,5873,26853,5583,3834,13858,22897,30442,7341,3580,30538,7121,
2020,Lancashire,131118,55362,22,34,15377,22026,17903,4034,979,37901,9648,6274,3374,7478,728,1068,7291,11688,16317,2828,1125,9628,2944,
2020,Merseyside,134668,50780,15,36,14297,21113,15319,3373,1190,33014,8012,6158,1854,7461,1671,1603,6486,7781,14790,12933,1432,14335,2821,
2020,Yorkshire and The Humber,544518,206834,56,138,55617,76384,74639,16669,5402,155469,38945,28349,10596,34976,4458,5152,32262,39676,61152,16266,4704,62617,15405,
2020,Humberside,92139,34188,5,26,10196,13117,10844,2886,806,26153,6740,5187,1553,4157,409,1334,7070,6443,11662,1874,551,11539,2480,
2020,North Yorkshire,42879,16559,5,31,5955,6382,4186,1661,220,12965,2836,1739,1097,2056,255,968,3295,3555,5211,1759,367,3153,984,
2020,South Yorkshire,140559,48626,20,19,13929,15641,19017,4181,1597,44489,11780,8365,3415,11679,1169,957,8136,10768,16095,4007,1615,15462,4487,
2020,West Yorkshire,268941,107461,26,62,25537,41244,40592,7941,2779,71862,17589,13058,4531,17084,2625,1893,13761,18910,28184,8626,2171,32463,7454,
2020,East Midlands,381606,143832,54,67,44932,53561,45218,12964,3761,114474,24406,16787,7619,27284,3201,5490,24153,29940,42495,14162,3954,35869,10095,
2020,Derbyshire,78761,32183,13,7,9980,11776,10407,2674,688,20584,4487,3182,1305,4645,556,918,4245,5733,8920,2612,837,8290,1973,
2020,Leicestershire,89709,32481,8,28,10771,11335,10339,2731,895,26739,5677,4034,1643,7605,714,1376,3737,7630,10174,3115,781,10649,2144,
2020,Lincolnshire,54060,20975,10,0,5836,8517,6612,2072,308,15836,3816,2542,1274,2607,162,942,4251,4058,6234,1832,617,4843,1343,
2020,Northamptonshire,62468,25983,10,12,7566,10571,7824,2547,868,17873,3954,2322,1632,5084,290,735,3099,4711,6256,2063,637,4603,1638,
2020,Nottinghamshire,96608,32210,13,20,10779,11362,10036,2940,1002,33442,6472,4707,1765,7343,1479,1519,8821,7808,10911,4540,1082,7484,2997,
2020,West Midlands Region,451446,183418,91,52,56520,70136,56619,14998,8663,143211,33453,24564,8889,41426,3568,4299,26113,34352,41677,11522,5042,34174,8741,
2020,Staffordshire,75677,31736,16,5,8133,12021,11561,2751,648,22399,4146,2726,1420,5031,415,843,5183,6781,9622,1877,632,4485,1527,
2020,Warwickshire,40898,15350,9,10,4526,6301,4504,1438,353,14454,2884,2056,828,4315,279,453,2819,3704,3914,1211,518,2790,870,
2020,West Mercia,80514,33964,15,11,10376,12708,10854,3288,579,23708,5576,3876,1700,4229,484,894,6077,6448,8821,2646,892,5197,1419,
2020,West Midlands,254357,102368,51,26,33485,39106,29700,7521,7083,82650,20847,15906,4941,27851,2390,2109,12034,17419,19320,5788,3000,21702,4925,
2020,East,473205,181968,93,146,45306,81215,55208,15641,4307,141250,27129,19188,7941,35378,4239,9477,28561,36466,50102,18586,4159,45844,11348,
2020,Bedfordshire,52744,17369,2,20,4479,7840,5028,1548,716,19469,3936,2911,1025,6131,526,1001,3379,4496,5236,1839,356,5195,1016,
2020,Cambridgeshire,65263,22754,14,60,5161,11391,6128,2153,608,21810,4222,2779,1443,4547,690,3519,3358,5474,7435,2013,639,6281,1570,
2020,Essex,159611,66119,61,27,14800,27138,24093,4795,1373,43064,8631,6388,2243,12388,1123,1925,8386,10611,16172,7020,1435,16001,3632,
2020,Hertfordshire,77237,26576,4,22,8090,12318,6142,2024,867,28868,4719,3391,1328,7522,976,1329,6863,7459,7949,2997,607,5706,1643,
2020,Norfolk,65020,27075,5,12,7126,12354,7578,2796,394,14493,2745,1823,922,2035,497,967,3696,4553,7406,2841,626,7145,2244,
2020,Suffolk,53330,22075,7,5,5650,10174,6239,2325,349,13546,2876,1896,980,2755,427,736,2879,3873,5904,1876,496,5516,1243,
2020,London,827322,221930,129,0,71925,91709,58167,19014,31655,375592,66526,49988,16538,114944,37160,22093,38323,96546,52358,53664,6664,55161,11284,
2020,City of London,6086,832,2,0,255,480,95,55,99,3601,257,15,242,193,632,404,678,1437,223,653,66,333,224,
2020,Metropolitan Police,821236,221098,127,0,71670,91229,58072,18959,31556,371991,66269,49973,16296,114751,36528,21689,37645,95109,52135,53011,6598,54828,11060,
2020,South East,691436,264067,79,119,74622,115542,73705,23822,6129,206523,39893,28138,11755,49969,6280,11919,43933,54529,77942,24790,7839,63881,16443,
2020,Hampshire,152756,59695,17,31,19629,24138,15880,5583,1446,42728,9626,6662,2964,9332,930,2588,9943,10309,15871,5525,1831,17313,2764,
2020,Kent,178192,76636,20,52,18110,35514,22940,6031,1575,46566,8497,6322,2175,10928,1056,1310,11509,13266,21221,4394,1625,14592,5552,
2020,Surrey,73540,24894,6,12,7037,10938,6901,2066,434,22771,5201,4087,1114,6270,494,1159,3458,6189,9073,3407,668,8531,1696,
2020,Sussex,119900,43425,21,9,13905,18004,11486,4551,1212,35492,6813,4253,2560,7427,1084,2257,7933,9978,13974,4594,1838,12014,2800,
2020,Thames Valley,167048,59417,15,15,15941,26948,16498,5591,1462,58966,9756,6814,2942,16012,2716,4605,11090,14787,17803,6870,1877,11431,3631,
2020,South West,357773,136158,42,58,43190,54879,37989,12756,3492,101764,20720,12842,7878,22045,2378,5927,21608,29086,44445,12802,3080,36854,6422,
2020,Avon and Somerset,132230,45816,10,2,11885,20130,13789,4001,1844,39494,7807,5444,2363,9095,1024,2695,8155,10718,14762,3810,946,19324,2233,
2020,Devon and Cornwall,95136,40889,15,47,14469,15512,10846,4152,605,21107,4377,1984,2393,3827,480,640,4767,7016,13616,4479,1186,7085,2017,
2020,Dorset,51088,19656,7,3,5838,8277,5531,1895,388,16351,3315,1917,1398,4047,403,1177,2854,4555,6927,1412,358,3438,663,
2020,Gloucestershire,39909,14568,7,5,5427,4694,4435,1300,348,13081,2961,2059,902,2730,224,800,2793,3573,4638,1423,292,3541,718,
2020,Wiltshire,39410,15229,3,1,5571,6266,3388,1408,307,11731,2260,1438,822,2346,247,615,3039,3224,4502,1678,298,3466,791,
2020,WALES,245591,97576,20,29,26342,34415,36770,8200,1010,60316,12388,8419,3969,11451,1438,2383,14837,17819,30023,10644,1619,30387,5816,
2020,Dyfed-Powys,31554,14156,6,0,3302,5619,5229,1202,60,6153,1426,954,472,778,76,107,1383,2383,3852,2158,273,2828,872,
2020,Gwent,52873,19536,3,5,5251,6433,7844,1394,268,12698,3123,2253,870,2715,244,283,2775,3558,7535,1680,236,7994,1532,
2020,North Wales,57782,26392,3,9,6381,10854,9145,2356,221,11673,2524,1744,780,1451,148,358,3216,3976,6976,1813,349,6648,1354,
2020,South Wales,103382,37492,8,15,11408,11509,14552,3248,461,29792,5315,3468,1847,6507,970,1635,7463,7902,11660,4993,761,12917,2058,
2020,British Transport Police,54110,9553,2,0,2552,6789,210,1254,871,22060,1,1,0,1272,7783,4062,1578,7364,7235,3305,840,8374,618,
2019,ENGLAND AND WALES,5000036,1630163,617,673,515095,664818,448960,154229,82542,1880780,380567,265922,114645,441351,104832,91288,351874,510868,531662,163997,43824,414478,98361,
2019,ENGLAND,4667147,1519302,574,630,483211,619545,415342,143109,80619,1773207,364894,255709,109185,425368,93596,82090,329185,478074,491173,151962,41089,374811,91875,
2019,North East,284841,95899,30,34,24857,36665,34313,8497,1692,91764,17668,11711,5957,15707,2311,3055,26593,26430,40660,6151,2024,31295,6859,
2019,Cleveland,69662,23507,12,9,5812,8622,9052,1878,645,24777,5329,3899,1430,4057,532,847,7966,6046,9871,1532,533,5076,1843,
2019,Durham,63425,25277,8,20,5749,8892,10608,1951,216,18171,4120,2868,1252,2989,261,449,5109,5243,9360,1469,338,4920,1723,
2019,Northumbria,151754,47115,10,5,13296,19151,14653,4668,831,48816,8219,4944,3275,8661,1518,1759,13518,15141,21429,3150,1153,21299,3293,
2019,North West,419382,155722,61,34,47493,61866,46268,12705,3346,125508,29072,20111,8961,24679,4671,4989,26513,35584,49415,15696,2831,45738,8421,
2019,Cheshire,94180,35224,6,3,10235,13535,11445,2942,530,24368,4553,3177,1376,3736,725,1454,6750,7150,9797,2131,491,16852,1845,
2019,Cumbria,37855,15465,5,16,4873,6020,4551,1639,157,9171,2027,1236,791,1139,164,243,2498,3100,5578,968,277,3793,807,
2019,Greater Manchester,,,,,,,,,,,,,,,,,,,,,,,,
2019,Lancashire,153309,58955,26,3,17740,23246,17940,4835,1262,50826,13011,8761,4250,10035,1354,1536,9190,15700,18626,2373,866,12567,2999,
2019,Merseyside,134038,46078,24,12,14645,19065,12332,3289,1397,41143,9481,6937,2544,9769,2428,1756,8075,9634,15414,10224,1197,12526,2770,
2019,Yorkshire and The Humber,589248,205645,75,126,59541,78270,67633,17580,6649,203466,51874,36881,14993,44239,7243,6422,43394,50294,66609,13474,4859,56044,14922,
2019,Humberside,102595,34898,11,31,11099,13592,10165,3127,931,35706,8214,5938,2276,6069,733,2185,10696,7809,13090,1625,582,10100,2536,
2019,North Yorkshire,47368,16056,3,15,6067,6379,3592,1999,235,17353,4070,2521,1549,2263,508,1145,4620,4747,6020,1570,317,2845,973,
2019,South Yorkshire,143881,45044,22,33,14442,13960,16587,3901,1681,54389,15089,10523,4566,13453,1761,1072,9918,13096,17238,3182,1620,12685,4141,
2019,West Yorkshire,295404,109647,39,47,27933,44339,37289,8553,3802,96018,24501,17899,6602,22454,4241,2020,18160,24642,30261,7097,2340,30414,7272,
2019,East Midlands,393527,130159,50,49,43966,53328,32766,13457,4282,146485,31481,21275,10206,34651,4661,6974,32620,36098,44715,13107,3946,28148,9228,
2019,Derbyshire,70699,24427,10,4,10156,8337,5920,2488,692,25296,5964,4031,1933,5225,700,1025,5639,6743,8487,2251,712,4798,1548,
2019,Leicestershire,93499,29266,8,23,7176,14606,7453,2823,1094,35945,7949,5661,2288,10388,1229,1959,5804,8616,10569,2710,818,8152,2122,
2019,Lincolnshire,59350,21447,17,12,6190,9849,5379,2339,372,19626,4281,2919,1362,3128,282,1046,5572,5317,6889,1898,562,4928,1289,
2019,Northamptonshire,61245,21337,9,6,7498,9308,4516,2412,873,23809,5727,3516,2211,7250,523,837,4335,5137,6536,1565,635,2749,1329,
2019,Nottinghamshire,108734,33682,6,4,12946,11228,9498,3395,1251,41809,7560,5148,2412,8660,1927,2107,11270,10285,12234,4683,1219,7521,2940,
2019,West Midlands Region,473014,161581,69,82,58002,61245,42183,15726,11009,183870,43399,31769,11630,50169,5053,5263,36438,43548,49308,10594,5021,27555,8350,
2019,Staffordshire,80347,30311,6,6,9519,10994,9786,3086,920,27629,5061,3252,1809,5084,601,924,7756,8203,9832,1995,748,3995,1831,
2019,Warwickshire,42095,13964,4,8,4648,5848,3456,1381,494,17668,4052,2942,1110,4630,419,654,3301,4612,4322,885,435,2241,705,
2019,West Mercia,88384,33267,11,27,10791,12950,9488,3558,660,31241,7171,5054,2117,5796,791,982,7949,8552,9812,2189,936,5192,1529,
2019,West Midlands,262188,84039,48,41,33044,31453,19453,7701,8935,107332,27115,20521,6594,34659,3242,2703,17432,22181,25342,5525,2902,16127,4285,
2019,East,501115,169486,63,115,46947,74638,47723,16505,5556,180735,35423,24519,10904,44540,5526,12209,37512,45525,53989,15984,4734,42741,11385,
2019,Bedfordshire,57068,16735,6,19,4639,7424,4647,1786,851,24037,5662,3788,1874,7096,657,1092,3927,5603,5693,1483,488,4954,1041,
2019,Cambridgeshire,66193,18592,14,9,5231,9313,4025,2254,831,28536,5293,3600,1693,6315,996,4539,4588,6805,7473,1528,613,4934,1432,
2019,Essex,168579,63374,19,32,15274,24930,23119,4807,1867,54962,11325,8241,3084,15366,1345,2231,11172,13523,17469,5456,1710,15106,3828,
2019,Hertfordshire,87292,25958,14,41,8675,11783,5445,2432,1016,36779,6056,4196,1860,9545,1432,1668,9199,8879,8889,3189,740,6255,2034,
2019,Norfolk,65407,24178,7,10,7226,11778,5157,2740,463,18310,3429,2201,1228,2653,608,1424,4363,5833,8063,2748,667,6308,1930,
2019,Suffolk,56576,20649,3,4,5902,9410,5330,2486,528,18111,3658,2493,1165,3565,488,1255,4263,4882,6402,1580,516,5184,1120,
2019,London,911744,220422,129,2,78191,89462,52638,20082,38031,460741,81846,60406,21440,125152,53093,21274,45807,133569,56653,45480,7501,51665,11169,
2019,City of London,8278,1210,0,0,394,694,122,107,152,5222,323,32,291,171,744,463,991,2530,254,610,64,477,182,
2019,Metropolitan Police,903466,219212,129,2,77797,88768,52516,19975,37879,455519,81523,60374,21149,124981,52349,20811,44816,131039,56399,44870,7437,51188,10987,
2019,South East,717162,249770,56,140,78228,112554,58792,25029,6761,252501,48186,33197,14989,59878,7696,14860,51730,70151,82504,19770,7178,58029,15620,
2019,Hampshire,159808,57678,15,22,20974,24122,12545,5949,1472,52984,11524,7793,3731,11929,1203,3389,12063,12876,17799,4214,1807,15158,2747,
2019,Kent,191439,76320,11,52,19720,36340,20197,6707,1959,58437,11605,8285,3320,13847,1362,1552,13524,16547,22000,3292,1439,15967,5318,
2019,Surrey,76309,23630,5,22,7316,10557,5730,2247,475,27555,6130,4766,1364,6626,623,1328,4432,8416,9543,2947,625,7674,1613,
2019,Sussex,124085,42223,11,17,14536,18657,9002,4562,1272,42360,7727,4705,3022,9427,1574,2734,8488,12410,14255,3934,1824,11131,2524,
2019,Thames Valley,165521,49919,14,27,15682,22878,11318,5564,1583,71165,11200,7648,3552,18049,2934,5857,13223,19902,18907,5383,1483,8099,3418,
2019,South West,377114,130618,41,48,45986,51517,33026,13528,3293,128137,25945,15840,10105,26353,3342,7044,28578,36875,47320,11706,2995,33596,5921,
2019,Avon and Somerset,137517,43314,16,3,12777,18430,12088,4263,1655,48866,9629,6517,3112,10516,1335,3288,10508,13590,15344,3038,895,18266,1876,
2019,Devon and Cornwall,104626,41732,14,38,15861,15545,10274,4456,677,28315,5365,2444,2921,5155,798,903,6861,9233,14540,4477,1092,7206,2131,
2019,Dorset,54002,19383,2,3,6316,8252,4810,2104,257,19508,3980,2146,1834,4431,498,1130,3624,5845,6922,1593,352,3170,713,
2019,Gloucestershire,37138,11086,6,2,5166,3023,2889,1123,354,15656,3955,2815,1140,3547,358,898,3057,3841,4743,1228,288,2139,521,
2019,Wiltshire,43831,15103,3,2,5866,6267,2965,1582,350,15792,3016,1918,1098,2704,353,825,4528,4366,5771,1370,368,2815,680,
2019,WALES,264188,98453,36,43,28658,36444,33272,9254,1105,76974,15188,10212,4976,14516,1724,2989,20085,22472,33449,9398,1609,28223,5723,
2019,Dyfed-Powys,31721,13279,6,6,3619,5734,3914,1454,60,7469,1577,1017,560,903,85,150,1811,2943,4115,2058,240,2190,856,
2019,Gwent,58289,20489,5,6,5812,7394,7272,1586,285,15967,3746,2507,1239,3489,332,409,3407,4584,9104,1527,265,7741,1325,
2019,North Wales,61456,25950,4,7,6918,11214,7807,2634,215,15766,3602,2538,1064,2142,214,488,4390,4930,7630,1433,392,6116,1320,
2019,South Wales,112722,38735,21,24,12309,12102,14279,3580,545,37772,6263,4150,2113,7982,1093,1942,10477,10015,12600,4380,712,12176,2222,
2019,British Transport Police,68701,12408,7,0,3226,8829,346,1866,818,30599,485,1,484,1467,9512,6209,2604,10322,7040,2637,1126,11444,763,
2018,ENGLAND AND WALES,5073131,1545544,739,710,533248,638894,371953,158162,80947,1998876,427435,301276,126159,457433,98899,96510,378656,539943,581093,140399,42195,427134,98781,
2018,ENGLAND,4765006,1450030,711,685,502428,598720,347486,147585,79221,1893480,410587,290026,120561,441729,90990,87109,355563,507502,540304,130021,40149,391523,92693,
2018,North East,284764,88979,27,41,24880,35202,28829,8678,1624,97098,19638,13711,5927,15906,2243,3553,27300,28458,42181,5809,1834,31770,6791,
2018,Cleveland,61982,17589,12,8,5742,7021,4806,1738,538,26730,5895,4283,1612,4386,495,1002,8666,6286,9349,1268,344,3280,1146,
2018,Durham,62878,23496,5,6,5855,8244,9386,1993,264,18709,4380,3078,1302,3419,284,516,4643,5467,9721,1274,278,5292,1851,
2018,Northumbria,159904,47894,10,27,13283,19937,14637,4947,822,51659,9363,6350,3013,8101,1464,2035,13991,16705,23111,3267,1212,23198,3794,
2018,North West,749172,237196,150,75,77028,100099,59844,22537,10485,255340,62335,44781,17554,56437,11698,9322,45812,69736,90548,17998,5722,92906,16440,
2018,Cheshire,92567,30653,18,4,10425,12005,8201,3050,425,25706,4769,3476,1293,3638,658,1488,7307,7846,10350,2205,499,17763,1916,
2018,Cumbria,33175,11829,5,10,4641,4984,2189,1560,115,9769,2094,1215,879,1179,188,289,2874,3145,5357,993,256,2626,670,
2018,Greater Manchester,338127,97138,82,31,28664,46318,22043,9649,7497,121820,30186,22001,8185,31168,7083,4048,17363,31972,37616,5050,3359,47764,8234,
2018,Lancashire,152984,56189,23,10,19175,20850,16131,5063,1034,52602,13418,8746,4672,10071,1857,1573,9595,16088,19931,2208,632,12436,2889,
2018,Merseyside,132319,41387,22,20,14123,15942,11280,3215,1414,45443,11868,9343,2525,10381,1912,1924,8673,10685,17294,7542,976,12317,2731,
2018,Yorkshire and The Humber,563948,180516,70,121,58801,70848,50676,17237,6327,211833,52526,37482,15044,45618,7437,7184,45271,53797,69825,11170,4268,48525,14247,
2018,Humberside,94533,30030,15,24,10648,12292,7051,2964,955,36302,8443,6022,2421,5968,654,2221,10357,8659,12939,1273,484,7306,2280,
2018,North Yorkshire,42279,12776,5,35,5311,5142,2283,1809,196,16960,3718,2277,1441,2492,472,1171,4527,4580,5940,1588,295,1962,753,
2018,South Yorkshire,142865,42309,20,18,14218,12807,15246,4044,1600,56104,13858,9730,4128,12738,2143,1205,11414,14746,18816,2358,1297,12690,3647,
2018,West Yorkshire,284271,95401,30,44,28624,40607,26096,8420,3576,102467,26507,19453,7054,24420,4168,2587,18973,25812,32130,5951,2192,26567,7567,
2018,East Midlands,348619,100076,48,34,41840,38417,19737,11668,3961,150175,33132,22909,10223,34180,3766,6880,33510,38707,43090,10307,3352,18800,7190,
2018,Derbyshire,57721,15239,2,2,8998,4372,1865,1943,640,26087,6280,4557,1723,5739,728,977,6057,6306,7927,2210,552,2004,1119,
2018,Leicestershire,86251,24780,16,15,7282,11356,6111,2337,971,37443,8690,6018,2672,9086,1065,2055,6684,9863,10340,1750,763,6084,1783,
2018,Lincolnshire,44751,12336,5,7,5303,5015,2006,1766,299,19143,4275,2975,1300,2958,289,1087,5605,4929,5842,1776,498,2117,974,
2018,Northamptonshire,57393,18082,12,3,7167,8357,2543,2119,850,24399,5871,3722,2149,7120,586,885,4229,5708,6734,1502,597,2032,1078,
2018,Nottinghamshire,102503,29639,13,7,13090,9317,7212,3503,1201,43103,8016,5637,2379,9277,1098,1876,10935,11901,12247,3069,942,6563,2236,
2018,West Midlands Region,452902,137222,78,92,54746,50884,31422,14827,9775,195152,46985,33667,13318,52528,5053,6000,37853,46733,51831,8897,4043,23538,7617,
2018,Staffordshire,84164,30290,12,11,11026,10802,8439,3353,933,29932,6118,3889,2229,5698,448,1226,7316,9126,11013,1761,749,4263,1870,
2018,Warwickshire,40693,12225,8,19,4275,5098,2825,1276,397,18132,4222,3082,1140,4831,501,732,3542,4304,4665,831,383,2043,741,
2018,West Mercia,83518,28793,14,29,9667,11903,7180,3360,541,32132,7668,5437,2231,5763,910,1082,7657,9052,10337,1955,746,4156,1498,
2018,West Midlands,244527,65914,44,33,29778,23081,12978,6838,7904,114956,28977,21259,7718,36236,3194,2960,19338,24251,25816,4350,2165,13076,3508,
2018,East,457540,142109,54,106,45080,62269,34600,14105,4971,181316,38909,27326,11583,43432,5864,11542,36175,45394,53119,12617,4640,35272,9391,
2018,Bedfordshire,52540,13965,7,9,4763,5830,3356,1529,832,24623,6362,4660,1702,6983,842,1214,3948,5274,6060,1131,408,3177,815,
2018,Cambridgeshire,64987,17148,8,23,5120,9229,2768,1850,753,30197,5678,3846,1832,6285,983,4271,5320,7660,7860,1327,514,4154,1184,
2018,Essex,144037,48218,18,36,13846,18860,15458,3846,1566,54411,12371,8815,3556,14786,1597,2226,10217,13214,15875,3482,2082,11448,3109,
2018,Hertfordshire,84966,24802,12,19,8959,10965,4847,2260,895,35588,6649,4863,1786,8703,1343,1445,8511,8937,9489,3213,692,6368,1659,
2018,Norfolk,57222,19881,5,12,6791,9356,3717,2474,489,17899,3681,2452,1229,2827,520,1247,4070,5554,7112,2104,523,5181,1559,
2018,Suffolk,53788,18095,4,7,5601,8029,4454,2146,436,18598,4168,2690,1478,3848,579,1139,4109,4755,6723,1360,421,4944,1065,
2018,London,832793,209161,145,47,77299,85078,46592,20504,33271,410059,79751,59200,20551,109461,43915,19824,45411,111697,58089,35390,7468,48667,10184,
2018,City of London,6485,1071,1,0,443,460,167,107,97,4045,330,15,315,253,666,423,833,1540,236,372,70,370,117,
2018,Metropolitan Police,826308,208090,144,47,76856,84618,46425,20397,33174,406014,79421,59185,20236,109208,43249,19401,44578,110157,57853,35018,7398,48297,10067,
2018,South East,702796,233099,92,110,78001,107866,47030,24471,5876,255864,48854,33306,15548,56650,7731,15278,53813,73538,84283,17581,6300,60376,14946,
2018,Hampshire,160193,54966,17,15,21513,24161,9260,5646,1186,56627,11308,7501,3807,13078,1304,4010,13332,13595,18779,3600,1525,15146,2718,
2018,Kent,197599,76411,13,60,20783,36239,19316,7051,1750,58032,11763,8321,3442,12876,1105,1892,12986,17410,22980,2958,1300,21642,5475,
2018,Surrey,73586,22091,6,8,7090,10313,4674,2295,431,27124,5996,4527,1469,6211,549,1303,4180,8885,9363,2661,584,7471,1566,
2018,Sussex,112765,36620,35,9,13355,16524,6697,4167,985,40223,7372,4495,2877,8067,1538,2304,8078,12864,13699,3326,1528,9961,2256,
2018,Thames Valley,158653,43011,21,18,15260,20629,7083,5312,1524,73858,12415,8462,3953,16418,3235,5769,15237,20784,19462,5036,1363,6156,2931,
2018,South West,372472,121672,47,59,44753,48057,28756,13558,2931,136643,28457,17644,10813,27517,3283,7526,30418,39442,47338,10252,2522,31669,5887,
2018,Avon and Somerset,137793,42604,15,2,12795,18010,11782,4518,1388,50559,10445,7206,3239,11039,1094,3403,10916,13662,15579,2897,800,17614,1834,
2018,Devon and Cornwall,105241,39448,19,38,15166,14792,9433,4565,552,31857,5875,2590,3285,5534,888,908,7765,10887,14607,3866,896,7254,2196,
2018,Dorset,51761,16831,5,7,5965,7240,3614,1763,343,20708,4605,2640,1965,3688,491,1404,4049,6471,6852,1489,301,2809,665,
2018,Gloucestershire,34656,9247,7,10,5214,2271,1745,1052,348,16475,3882,2775,1107,4013,400,913,3388,3879,4515,980,234,1356,449,
2018,Wiltshire,43021,13542,1,2,5613,5744,2182,1660,300,17044,3650,2433,1217,3243,410,898,4300,4543,5785,1020,291,2636,743,
2018,WALES,245520,83705,25,25,27616,31760,24279,8586,1089,78916,16307,11247,5060,14484,1864,3106,20310,22845,34011,8502,1299,24140,5272,
2018,Dyfed-Powys,26175,9322,4,0,2963,3895,2460,941,62,7788,1582,1007,575,913,88,169,1995,3041,4175,1788,151,1435,513,
2018,Gwent,54784,17930,5,2,5458,6961,5504,1388,295,15951,3627,2563,1064,3247,363,342,3652,4720,9253,1317,209,7077,1364,
2018,North Wales,55882,21879,4,5,7142,9530,5198,3063,207,15811,3782,2570,1212,2022,225,532,4187,5063,7562,1406,303,4404,1247,
2018,South Wales,108679,34574,12,18,12053,11374,11117,3194,525,39366,7316,5107,2209,8302,1188,2063,10476,10021,13021,3991,636,11224,2148,
2018,British Transport Police,62605,11809,3,0,3204,8414,188,1991,637,26480,541,3,538,1220,6045,6295,2783,9596,6778,1876,747,11471,816,
2017,ENGLAND AND WALES,4668693,1291405,685,717,492394,535150,262459,138045,68968,1986709,433110,261915,171195,443577,95684,103635,383178,527525,583535,133755,35161,344476,86639,
2017,ENGLAND,4394314,1213613,641,692,463962,502542,245776,128851,67670,1882706,416297,252931,163366,427031,88874,94073,360494,495937,543871,124365,33590,318938,80710,
2017,North East,251583,70849,25,32,23085,27758,19949,7393,1413,94473,19426,10670,8756,15232,2151,3840,25922,27902,41572,5084,1544,23856,5399,
2017,Cleveland,54257,13619,4,7,5478,5699,2431,1570,418,24476,5187,3207,1980,4128,495,1004,7417,6245,9366,1388,294,2304,822,
2017,Durham,56088,18763,3,11,5411,6765,6573,1727,201,18421,4787,2623,2164,3350,290,533,4183,5278,9680,1051,247,4588,1410,
2017,Northumbria,141238,38467,18,14,12196,15294,10945,4096,794,51576,9452,4840,4612,7754,1366,2303,14322,16379,22526,2645,1003,16964,3167,
2017,North West,659882,182055,126,84,68625,75005,38215,18408,8593,256753,65523,41597,23926,56340,10744,10375,47361,66410,92348,15539,4176,69541,12469,
2017,Cheshire,75376,21725,3,9,8758,8024,4931,1957,320,24299,4766,2714,2052,3834,545,1446,7317,6391,9725,2201,382,13551,1216,
2017,Cumbria,26181,8003,3,16,3533,3524,927,1120,75,8914,1939,937,1002,1111,173,283,2819,2589,5171,774,155,1450,519,
2017,Greater Manchester,323671,86511,83,35,26383,41554,18456,8647,5909,124976,33733,22214,11519,29747,6665,4923,18187,31721,41204,4326,2370,42740,6988,
2017,Lancashire,115775,34438,13,13,16429,12216,5767,3655,907,50237,13026,7107,5919,10434,1469,1754,9185,14369,18628,1957,470,3886,1597,
2017,Merseyside,118879,31378,24,11,13522,9687,8134,3029,1382,48327,12059,8625,3434,11214,1892,1969,9853,11340,17620,6281,799,7914,2149,
2017,Yorkshire and The Humber,515528,143505,61,117,52886,57494,32947,14943,5369,217681,55593,34049,21544,48295,7425,7436,44300,54632,71584,10163,3561,36631,12091,
2017,Humberside,83952,24127,8,26,9957,10517,3619,2488,818,35415,9284,5267,4017,6520,657,2144,8827,7983,12744,1324,447,4586,2003,
2017,North Yorkshire,37573,10091,7,7,4695,4080,1302,1463,165,16076,3616,1755,1861,2154,409,1176,4421,4300,5873,1482,219,1447,757,
2017,South Yorkshire,141017,36121,14,45,13796,11902,10364,3882,1700,62122,16136,10058,6078,14279,1965,1471,12551,15720,20364,2118,1228,10409,3073,
2017,West Yorkshire,252986,73166,32,39,24438,30995,17662,7110,2686,104068,26557,16969,9588,25342,4394,2645,18501,26629,32603,5239,1667,20189,6258,
2017,East Midlands,318790,80949,48,42,36335,32190,12334,10145,3575,150922,35215,20455,14760,35156,2770,6493,32800,38488,41993,8925,2777,13560,5944,
2017,Derbyshire,54986,12263,16,10,7317,3790,1130,1950,613,27024,6380,3753,2627,6233,540,952,6433,6486,8188,2044,434,1434,1036,
2017,Leicestershire,76343,18985,15,5,6481,8644,3840,1848,761,37982,9201,5653,3548,9918,617,1805,6714,9727,9496,1473,671,3621,1506,
2017,Lincolnshire,40103,8595,6,7,4243,3369,970,1374,232,20291,5143,2748,2395,3502,271,1192,5369,4814,5575,1509,343,1346,838,
2017,Northamptonshire,55522,15753,2,3,6758,7598,1392,1806,1024,25926,6209,3302,2907,7373,569,989,5031,5755,7107,1151,502,1309,944,
2017,Nottinghamshire,91836,25353,9,17,11536,8789,5002,3167,945,39699,8282,4999,3283,8130,773,1555,9253,11706,11627,2748,827,5850,1620,
2017,West Midlands Region,431170,120992,77,60,52254,44757,23844,13919,8420,192868,45404,28359,17045,52126,4190,7286,38057,45805,52601,9844,3339,21475,7712,
2017,Staffordshire,82767,28398,5,8,11059,10570,6756,3173,731,30217,6262,3694,2568,5459,430,1234,7673,9159,11129,2119,602,4345,2053,
2017,Warwickshire,41196,11896,13,5,4509,4982,2387,1532,346,18520,4069,2418,1651,4907,346,1047,3665,4486,4552,1052,342,2166,790,
2017,West Mercia,85433,28522,15,12,10606,11610,6279,3507,593,32590,8288,4477,3811,6089,659,1231,7064,9259,10505,2474,693,4778,1771,
2017,West Midlands,221774,52176,44,35,26080,17595,8422,5707,6750,111541,26785,17770,9015,35671,2755,3774,19655,22901,26415,4199,1702,10186,3098,
2017,East,422693,119690,59,108,42429,52318,24776,12271,4259,177471,39570,23854,15716,40041,5033,12543,35949,44335,53513,12241,3856,30795,8597,
2017,Bedfordshire,44802,10947,4,8,4325,4322,2288,1032,755,22423,5467,3720,1747,6033,592,1116,4160,5055,5574,1012,379,2262,418,
2017,Cambridgeshire,64460,15975,8,30,4867,8767,2303,1776,617,30465,6181,3464,2717,6038,956,4265,5268,7757,8166,1512,475,4351,1123,
2017,Essex,128389,37495,18,42,13435,15247,8753,3366,1426,53931,13158,8198,4960,14011,1397,2740,9858,12767,15494,3201,1681,9206,2589,
2017,Hertfordshire,80293,22048,9,14,8296,9333,4396,1986,737,33904,6754,4115,2639,7979,1018,1654,7853,8646,10081,3100,579,6091,1767,
2017,Norfolk,53962,17062,13,5,6230,7929,2885,2209,403,18522,3893,2185,1708,2515,632,1564,4720,5198,7280,1986,386,4557,1557,
2017,Suffolk,50787,16163,7,9,5276,6720,4151,1902,321,18226,4117,2172,1945,3465,438,1204,4090,4912,6918,1430,356,4328,1143,
2017,London,799113,196936,130,45,76460,79200,41101,18750,28657,392978,72116,48822,23294,99425,44812,21315,47864,107446,61350,35664,6956,47890,9932,
2017,City of London,5502,902,2,2,373,382,143,72,33,3487,262,13,249,155,482,368,745,1475,233,327,51,224,173,
2017,Metropolitan Police,793611,196034,128,43,76087,78818,40958,18678,28624,389491,71854,48809,23045,99270,44330,20947,47119,105971,61117,35337,6905,47666,9759,
2017,South East,642160,193068,67,144,71921,90546,30390,21241,4958,257545,52758,28986,23772,51034,8156,17631,55880,72086,84447,16531,5199,46225,12946,
2017,Hampshire,159713,52674,14,30,21124,23902,7604,5334,1112,58150,13200,6495,6705,12169,1339,4271,13447,13724,19568,3548,1342,15134,2851,
2017,Kent,154248,55115,18,40,18128,27151,9778,5469,1373,54187,11721,6619,5102,11968,990,1962,11751,15795,21578,2661,805,9466,3594,
2017,Surrey,71143,20532,4,5,7026,9197,4300,2024,326,26764,6629,4331,2298,5088,474,1411,4374,8788,9736,2219,485,7528,1529,
2017,Sussex,110849,32992,12,43,12850,14647,5440,3797,956,41973,8169,4415,3754,6968,1700,2814,8688,13634,14198,3438,1304,9690,2501,
2017,Thames Valley,146207,31755,19,26,12793,15649,3268,4617,1191,76471,13039,7126,5913,14841,3653,7173,17620,20145,19367,4665,1263,4407,2471,
2017,South West,353395,105569,48,60,39967,43274,22220,11781,2426,142015,30692,16139,14553,29382,3593,7154,32361,38833,44463,10374,2182,28965,5620,
2017,Avon and Somerset,135233,38266,13,2,11239,16165,10847,3504,1211,54081,11550,6751,4799,12329,1249,3221,12087,13645,15437,3076,625,17209,1824,
2017,Devon and Cornwall,96397,32509,20,37,13280,13029,6143,4148,478,31865,6029,2685,3344,5518,947,864,7844,10663,14893,3624,788,6161,1931,
2017,Dorset,47608,13745,5,10,5134,6341,2255,1478,270,21187,4600,2146,2454,3715,663,1309,4533,6367,6517,1631,278,1865,637,
2017,Gloucestershire,33884,7971,5,6,4683,2194,1083,1009,343,17142,4180,2243,1937,4019,328,839,3866,3910,4494,1018,209,1232,466,
2017,Wiltshire,40273,13078,5,5,5631,5545,1892,1642,124,17740,4333,2314,2019,3801,406,921,4031,4248,3122,1025,282,2498,762,
2017,WALES,219111,68422,32,25,25867,25958,16540,7549,866,79322,16366,8983,7383,15364,1851,3272,20033,22436,32693,8009,1117,16088,5045,
2017,Dyfed-Powys,25057,8665,1,1,3112,3749,1802,1073,45,7621,1648,814,834,989,89,189,1726,2980,4046,1746,159,1083,619,
2017,Gwent,44364,12758,7,5,4498,5278,2970,1099,199,16222,3622,2126,1496,3315,309,370,4023,4583,7814,1437,179,3590,1066,
2017,North Wales,45521,16284,13,2,6633,7231,2405,2326,182,15235,3563,1911,1652,2166,281,550,4077,4598,7145,1307,221,1744,1077,
2017,South Wales,104169,30715,11,17,11624,9700,9363,3051,440,40244,7533,4132,3401,8894,1172,2163,10207,10275,13688,3519,558,9671,2283,
2017,British Transport Police,55268,9370,12,0,2565,6650,143,1645,432,24681,447,1,446,1182,4959,6290,2651,9152,6971,1381,454,9450,884,
2016,ENGLAND AND WALES,4050444,1075511,695,,449844,624972,,112021,53245,1784598,402048,198706,203342,376670,85095,87470,349296,484019,548674,141714,27904,239674,67103,
2016,ENGLAND,3805894,1010181,653,,423468,586060,,104778,52160,1687936,385213,191749,193464,361388,78123,79586,329411,454215,511493,131406,26499,219251,62190,
2016,North East,203946,53977,26,,21772,32179,,5754,1115,81409,18322,7375,10947,12715,1632,3397,22037,23306,37052,5722,1378,13621,3918,
2016,Cleveland,49673,12125,6,,5193,6926,,1358,334,22568,5501,2447,3054,3514,393,950,6542,5668,8983,1398,274,1892,741,
2016,Durham,41357,12235,4,,4446,7785,,1212,148,15840,4454,1627,2827,2820,222,517,3687,4140,7859,1117,192,1990,764,
2016,Northumbria,112916,29617,16,,12133,17468,,3184,633,43001,8367,3301,5066,6381,1017,1930,11808,13498,20210,3207,912,9739,2413,
2016,North West,518244,132505,78,,59525,72902,,13745,5895,226045,58115,30992,27123,47121,9841,9401,42650,58917,82468,15673,3047,30325,8541,
2016,Cheshire,57056,15767,5,,7882,7880,,1524,265,22027,4854,2083,2771,3501,722,1245,5858,5847,8438,2255,329,5606,845,
2016,Cumbria,25497,7336,3,,3388,3945,,907,76,9105,2193,770,1423,1217,159,312,2660,2564,5053,938,159,1539,384,
2016,Greater Manchester,229144,53729,46,,21219,32464,,5935,3809,105898,28166,16345,11821,23756,6059,4197,16826,26894,34857,4366,1522,14935,4093,
2016,Lancashire,102079,28725,12,,14458,14255,,2982,675,45332,12079,5288,6791,9482,1172,1782,7935,12882,17650,2311,380,2711,1313,
2016,Merseyside,104468,26948,12,,12578,14358,,2397,1070,43683,10823,6506,4317,9165,1729,1865,9371,10730,16470,5803,657,5534,1906,
2016,Yorkshire and The Humber,435473,108325,159,,46307,61859,,12212,4371,201373,52252,25126,27126,44174,6901,7219,39509,51318,65280,10410,2725,22120,8657,
2016,Humberside,72367,18534,10,,8769,9755,,2118,815,33107,9959,3750,6209,5659,596,2018,7397,7478,11760,1349,343,3087,1254,
2016,North Yorkshire,37259,9313,5,,4575,4733,,1316,139,16866,3869,1477,2392,2356,504,1446,4125,4566,5782,1669,204,1333,637,
2016,South Yorkshire,105468,22325,112,,11721,10492,,3267,1164,51830,12681,6383,6298,12184,1671,1259,11257,12778,17613,2483,861,4020,1905,
2016,West Yorkshire,220379,58153,32,,21242,36879,,5511,2253,99570,25743,13516,12227,23975,4130,2496,16730,26496,30125,4909,1317,13680,4861,
2016,East Midlands,273615,65411,60,,31785,33566,,7840,2910,132164,34096,14953,19143,28614,3421,6256,28911,30866,40381,9053,2335,8726,4795,
2016,Derbyshire,52596,12479,11,,7137,5331,,1630,508,24818,6459,2744,3715,5650,561,840,5795,5513,8076,2200,436,1385,1064,
2016,Leicestershire,62679,13828,13,,4773,9042,,1485,626,32523,7935,4244,3691,7956,902,1883,6244,7603,9207,1152,418,2403,1037,
2016,Lincolnshire,36244,7654,16,,3963,3675,,1196,210,17908,5204,1742,3462,2884,305,962,4189,4364,5455,1474,344,1329,674,
2016,Northamptonshire,51064,14041,8,,6400,7633,,1549,691,23684,6634,2837,3797,5205,605,947,5085,5208,7337,1364,404,1214,780,
2016,Nottinghamshire,71032,17409,12,,9512,7885,,1980,875,33231,7864,3386,4478,6919,1048,1624,7598,8178,10306,2863,733,2395,1240,
2016,West Midlands Region,376854,105824,63,,49398,56363,,11328,6667,166153,40344,20159,20185,40313,4592,6020,36070,38814,49711,10927,2865,16910,6469,
2016,Staffordshire,73208,25007,6,,10794,14207,,2698,562,26844,5914,2731,3183,4699,546,904,6643,8138,10866,2035,516,2992,1688,
2016,Warwickshire,33433,9362,9,,4011,5342,,1134,259,15183,3558,1575,1983,3195,367,692,3155,4216,4250,983,239,1426,597,
2016,West Mercia,75663,24613,15,,10049,14549,,2858,542,29795,7875,2889,4986,5302,682,1047,6730,8159,9711,2545,585,3616,1398,
2016,West Midlands,194550,46842,33,,24544,22265,,4638,5304,94331,22997,12964,10033,27117,2997,3377,19542,18301,24884,5364,1525,8876,2786,
2016,East,368365,100409,63,,38717,61629,,10416,3283,159271,36207,17651,18556,34141,5210,10277,33203,40233,51164,12168,2819,22463,6372,
2016,Bedfordshire,41687,10448,8,,4481,5959,,1020,584,20180,4811,2897,1914,5374,479,914,3904,4698,5511,1151,243,2083,467,
2016,Cambridgeshire,51638,12316,9,,4567,7740,,1396,512,24986,5136,2199,2937,4940,856,3710,4116,6228,7136,1605,368,2452,867,
2016,Essex,115474,32186,28,,12377,19781,,2896,1046,50920,12916,6898,6018,11906,1716,2036,10228,12118,15292,2854,1106,7364,1810,
2016,Hertfordshire,67392,17752,10,,7256,10486,,1529,530,28898,5597,2830,2767,6377,1169,1247,6840,7668,9310,3379,457,4190,1347,
2016,Norfolk,48267,15201,3,,5310,9888,,1799,339,17232,3855,1465,2390,2395,472,1300,4292,4918,7290,1891,329,3343,843,
2016,Suffolk,43907,12506,5,,4726,7775,,1776,272,17055,3892,1362,2530,3149,518,1070,3823,4603,6625,1288,316,3031,1038,
2016,London,758002,191502,109,,75667,115726,,16980,21976,363263,69531,44018,25513,86873,34903,17668,46879,107409,62658,40295,5476,46335,9517,
2016,City of London,5304,837,3,,379,455,,77,37,3262,220,8,212,160,441,343,669,1429,265,358,41,257,170,
2016,Metropolitan Police,752698,190665,106,,75288,115271,,16903,21939,360001,69311,44010,25301,86713,34462,17325,46210,105980,62393,39937,5435,46078,9347,
2016,South East,552068,161227,59,,64682,96486,,16954,3800,227012,45734,18250,27484,42314,8061,12983,50951,66969,78101,16662,4081,34524,9707,
2016,Hampshire,138187,46140,14,,18815,27311,,4317,745,49611,11184,3713,7471,8723,1335,3315,12149,12905,18347,3721,1049,11993,2264,
2016,Kent,122081,39380,12,,15479,23889,,3501,1075,49335,10781,4419,6362,10550,1067,1603,11038,14296,19265,2823,614,4008,2080,
2016,Surrey,59230,16573,7,,6001,10565,,1633,254,23032,5231,2440,2791,4541,390,1011,3806,8053,8690,1933,334,5737,1044,
2016,Sussex,99856,29240,12,,11967,17261,,3104,785,37930,7241,3117,4124,6119,1481,2147,8366,12576,13668,3291,1091,8622,2125,
2016,Thames Valley,132714,29894,14,,12420,17460,,4399,941,67104,11297,4561,6736,12381,3788,4907,15592,19139,18131,4894,993,4164,2194,
2016,South West,319327,91001,36,,35615,55350,,9549,2143,131246,30612,13225,17387,25123,3562,6365,29201,36383,44678,10496,1773,24227,4214,
2016,Avon and Somerset,126595,35272,9,,10651,24612,,3188,1096,52937,12063,5685,6378,11312,1386,2906,11931,13339,14791,3107,462,14230,1512,
2016,Devon and Cornwall,80068,25288,13,,11655,13620,,2868,380,28169,5974,2584,3390,4502,816,829,6363,9685,13322,3597,604,4657,1183,
2016,Dorset,43738,12216,10,,4232,7974,,1295,220,19482,4694,1538,3156,3462,666,1010,4060,5590,6414,1663,262,1608,578,
2016,Gloucestershire,29902,6333,3,,3923,2407,,856,243,15802,4334,2065,2269,3000,317,869,3392,3890,4433,884,158,865,328,
2016,Wiltshire,39024,11892,1,,5154,6737,,1342,204,14856,3547,1353,2194,2847,377,751,3455,3879,5718,1245,287,2867,613,
2016,WALES,195380,57070,41,,24088,32941,,5686,734,74407,16439,6955,9484,14443,1712,2887,17560,21366,31496,8713,1017,12217,4040,
2016,Dyfed-Powys,21942,6609,8,,3044,3557,,974,44,6724,1513,654,859,834,90,142,1472,2673,3940,2176,159,818,498,
2016,Gwent,38858,10644,3,,4028,6613,,840,191,15622,3954,1575,2379,3304,254,346,3444,4320,7015,1423,166,2159,798,
2016,North Wales,40021,12696,7,,5489,7200,,1694,137,14273,3332,1386,1946,1922,204,457,3909,4449,7371,1291,235,1561,763,
2016,South Wales,94559,27121,23,,11527,15571,,2178,362,37788,7640,3340,4300,8383,1164,1942,8735,9924,13170,3823,457,7679,1981,
2016,British Transport Police,49170,8260,1,,2288,5971,,1557,351,22255,396,2,394,839,5260,4997,2325,8438,5685,1595,388,8206,873,
2015,Cleveland,46344,9785,5,,4725,5055,,1089,338,21928,5335,2475,2860,3078,366,1007,6429,5713,8867,1530,292,1955,560,
2015,Durham,32643,7067,1,,3922,3144,,1019,110,14715,3989,1309,2680,2519,154,498,3560,3995,6641,1255,203,1121,512,
2015,Northumbria,78939,15140,17,,9047,6076,,2444,527,36673,8220,3303,4917,5616,888,1759,9928,10262,15813,3367,688,3017,1270,
2015,North East,157926,31992,23,,17694,14275,,4552,975,73316,17544,7087,10457,11213,1408,3264,19917,19970,31321,6152,1183,6093,2342,
2015,Cheshire,52841,12611,2,,5801,6808,,1317,268,23710,5350,2190,3160,4019,954,1332,6022,6033,8469,2629,308,2551,978,
2015,Cumbria,25628,6935,5,,3218,3712,,762,66,9164,2094,755,1339,1192,109,381,2498,2890,5159,1234,158,1712,438,
2015,Greater Manchester,216005,47639,38,,20403,27198,,5611,3505,104506,27816,15765,12051,23200,5454,4245,16644,27147,32174,5683,1394,11956,3537,
2015,Lancashire,92580,22859,12,,11108,11739,,2273,590,43991,11710,4928,6782,8629,868,2100,7926,12758,16393,2949,418,1988,1119,
2015,Merseyside,101432,22190,19,,11139,11032,,2230,1112,45352,11587,6540,5047,9427,1806,1978,9683,10871,16741,6998,697,4493,1619,
2015,North West,488486,112234,76,,51669,60489,,12193,5541,226723,58557,30178,28379,46467,9191,10036,42773,59699,78936,19493,2975,22700,7691,
2015,Humberside,66487,14738,9,,7544,7185,,1718,646,33133,9680,3774,5906,5487,484,2406,7429,7647,10827,1714,336,2422,953,
2015,North Yorkshire,35615,8184,8,,4261,3915,,1126,159,16671,3988,1371,2617,2213,459,1269,4019,4723,5531,1955,186,1260,543,
2015,South Yorkshire,96303,17680,12,,10214,7454,,2732,971,50522,12814,6194,6620,10983,1699,1169,10706,13151,16280,2946,651,3096,1425,
2015,West Yorkshire,181003,39239,27,,17145,22067,,5185,2045,91979,25137,12120,13017,20943,3580,2154,14899,25266,25826,4706,929,7697,3397,
2015,Yorkshire and The Humber,379408,79841,56,,39164,40621,,10761,3821,192305,51619,23459,28160,39626,6222,6998,37053,50787,58464,11321,2102,14475,6318,
2015,Derbyshire,52476,11178,9,,6656,4513,,1514,520,25820,6178,2515,3663,5991,551,902,5846,6352,8411,2472,405,1343,813,
2015,Leicestershire,58644,10974,9,,4517,6448,,1349,658,32122,7735,4116,3619,8286,653,2130,6083,7235,8922,1452,359,1950,858,
2015,Lincolnshire,35454,6318,8,,3423,2887,,1052,185,18681,5333,1770,3563,2977,308,1166,4468,4429,5235,1700,299,1428,556,
2015,Northamptonshire,47596,12947,10,,5783,7154,,1595,647,21001,5582,2286,3296,4074,628,791,4508,5418,7151,1911,306,1273,765,
2015,Nottinghamshire,73932,17767,10,,10100,7657,,2175,903,35112,8135,3653,4482,6887,1200,2081,8097,8712,10589,3261,693,2357,1075,
2015,East Midlands,268102,59184,46,,30479,28659,,7685,2913,132736,32963,14340,18623,28215,3340,7070,29002,32146,40308,10796,2062,8351,4067,
2015,Staffordshire,64123,19654,17,,9245,10392,,2123,562,25721,6001,2579,3422,4584,526,930,5777,7903,9759,2310,495,2041,1458,
2015,Warwickshire,29817,6851,5,,3274,3572,,889,226,15087,3538,1485,2053,3422,268,609,2822,4428,4343,965,185,906,365,
2015,West Mercia,67571,19485,12,,8811,10662,,2496,444,29131,7591,2927,4664,5683,487,1055,6169,8146,9285,2614,449,2522,1145,
2015,West Midlands,178439,38956,26,,21646,17284,,4104,4781,89357,21477,10980,10497,25248,2820,3280,17382,19150,24473,5714,1287,7377,2390,
2015,West Midlands Region,339950,84946,60,,42976,41910,,9612,6013,159296,38607,17971,20636,38937,4101,5874,32150,39627,47860,11603,2416,12846,5358,
2015,Bedfordshire,39660,9897,2,,4408,5487,,936,507,18757,4612,2652,1960,4684,371,878,3444,4768,5641,1183,340,1780,619,
2015,Cambridgeshire,47191,9951,7,,3965,5979,,1270,487,24094,5447,2323,3124,4002,747,3613,3974,6311,6659,1944,273,1759,754,
2015,Essex,104479,25489,21,,10734,14734,,2742,979,51190,13377,7111,6266,12683,1476,2238,9494,11922,14125,3090,935,4473,1456,
2015,Hertfordshire,59424,13885,5,,6123,7757,,1449,446,27602,6210,2932,3278,5898,999,1298,5749,7448,8484,3197,327,2804,1230,
2015,Norfolk,46453,12995,8,,5099,7888,,1654,251,16924,3513,1402,2111,2293,372,1346,3842,5558,7419,2152,260,3427,1371,
2015,Suffolk,42291,10701,5,,4537,6159,,1440,203,17172,3828,1430,2398,3305,297,1265,3686,4791,6890,1590,279,3007,1009,
2015,East,339498,82918,48,,34866,48004,,9491,2873,155739,36987,17850,19137,32865,4262,10638,30189,40798,49218,13156,2414,17250,6439,
2015,City of London,5328,782,1,,386,395,,85,44,3338,231,20,211,140,447,295,645,1580,217,418,23,243,178,
2015,Metropolitan Police,731041,177225,112,,72782,104331,,15350,22303,357824,71744,45542,26202,81854,34101,16876,42852,110397,61682,39781,4620,42201,10055,
2015,London,736369,178007,113,,73168,104726,,15435,22347,361162,71975,45562,26413,81994,34548,17171,43497,111977,61899,40199,4643,42444,10233,
2015,Hampshire,128006,38335,12,,17161,21162,,4111,757,48442,11251,3826,7425,8067,1324,3552,10695,13553,17664,4809,783,10783,2322,
2015,Kent,108903,30515,18,,13049,17448,,2885,993,49380,11456,4795,6661,9807,963,1565,11170,14419,17824,2786,455,2644,1421,
2015,Surrey,55029,13687,15,,5696,7976,,1562,249,23655,5701,2402,3299,4211,312,993,3985,8453,8395,2696,316,3467,1002,
2015,Sussex,91780,24153,13,,10469,13671,,2773,671,38651,7453,3097,4356,6441,1708,2029,8232,12788,13432,3860,740,5737,1763,
2015,Thames Valley,126156,25392,16,,10557,14819,,4089,900,65371,11102,4281,6821,11787,3255,4944,14354,19929,17600,5452,946,4435,1971,
2015,South East,509874,132082,74,,56932,75076,,15420,3570,225499,46963,18401,28562,40313,7562,13083,48436,69142,74915,19603,3240,27066,8479,
2015,Avon and Somerset,103260,23781,11,,9437,14333,,2655,915,49442,10779,4577,6202,9347,1402,3141,11442,13331,14075,3579,464,7114,1235,
2015,Devon and Cornwall,78573,23011,15,,11411,11585,,2809,395,29462,6155,2580,3575,4515,751,946,7272,9823,13002,3838,513,4397,1146,
2015,Dorset,38334,8806,6,,4028,4772,,1068,178,19106,4502,1450,3052,3796,471,1151,4042,5144,5865,1687,202,1107,315,
2015,Gloucestershire,29387,5452,10,,3426,2016,,702,240,16273,4571,1927,2644,2763,259,1051,3370,4259,4614,961,136,673,336,
2015,Wiltshire,34959,9102,5,,4485,4612,,1260,187,15517,3858,1261,2597,2476,282,867,3709,4325,5407,1332,196,1392,566,
2015,South West,284513,70152,47,,32787,37318,,8494,1915,129800,29865,11795,18070,22897,3165,7156,29835,36882,42963,11397,1511,14683,3598,
2015,ENGLAND,3504126,831356,543,,379735,451078,,93643,49968,1656576,385080,186643,198437,342527,73799,81290,312852,461028,485884,143720,22546,165908,54525,
2015,Dyfed-Powys,20021,5263,4,,2560,2699,,850,33,6309,1315,544,771,784,69,190,1398,2553,3708,2519,119,862,358,
2015,Gwent,37306,9403,6,,4057,5340,,890,172,15737,4016,1580,2436,3392,232,379,3170,4548,6641,1845,155,1812,651,
2015,North Wales,36800,10248,6,,4815,5427,,1195,132,14662,3760,1422,2338,2052,193,570,3853,4234,6933,1574,225,1271,560,
2015,South Wales,89864,22186,14,,10581,11591,,1833,396,39876,8551,3543,5008,8692,1222,1907,8886,10618,13310,4278,430,5915,1640,
2015,WALES,183991,47100,30,,22013,25057,,4768,733,76584,17642,7089,10553,14920,1716,3046,17307,21953,30592,10216,929,9860,3209,
2015,British Transport Police,44895,6984,1,,2209,4774,,1198,321,21454,401,1,400,835,5135,4668,2118,8297,5025,1896,380,6800,837,
2015,ENGLAND AND WALES,3733012,885440,574,,403957,480909,,99609,51022,1754614,403123,193733,209390,358282,80650,89004,332277,491278,521501,155832,23855,182568,58571,
