Name,PFA,Geography,Mid-2023,Mid-2022,Mid-2021,Mid-2020,Mid-2019,Mid-2018,Mid-2017,Mid-2016,Mid-2015,Mid-2014,Mid-2013,Mid-2012,Mid-2011,
ENGLAND AND WALES,ENGLAND AND WALES,Country,60854727.00,60245218.00,59660524.00,59430444.00,59317788.00,59008368.00,58700914.00,58366199.00,57881415.00,57444107.00,56989744.00,56577740.00,56170927.00,
ENGLAND,ENGLAND,Country,57690323.00,57112542.00,56554891.00,56325961.00,56230056.00,55924528.00,55619548.00,55289034.00,54808676.00,54370319.00,53918686.00,53506812.00,53107169.00,
NORTH EAST,North East,Region,2711380.00,2682069.00,2647493.00,2637426.00,2636676.00,2629393.00,2623787.00,2618253.00,2611804.00,2610482.00,2603299.00,2598972.00,2596441.00,
County Durham,Durham,Unitary Authority,532182.00,527704.00,521447.00,519204.00,518562.00,516648.00,515911.00,514431.00,513924.00,513604.00,513179.00,513122.00,512994.00,
Darlington,Durham,Unitary Authority,110562.00,109413.00,108210.00,106827.00,106532.00,106411.00,106541.00,106258.00,105988.00,105825.00,105591.00,105557.00,105584.00,
Hartlepool,Cleveland,Unitary Authority,95366.00,93847.00,92575.00,92202.00,92401.00,92288.00,92306.00,92260.00,92125.00,92358.00,92465.00,92344.00,92088.00,
Middlesbrough,Cleveland,Unitary Authority,152650.00,148583.00,143943.00,142459.00,142134.00,141057.00,141213.00,140649.00,139602.00,139030.00,138588.00,138472.00,138368.00,
Northumberland,Northumbria,Unitary Authority,327055.00,324286.00,321532.00,318490.00,318027.00,316153.00,315663.00,314327.00,314188.00,315274.00,315013.00,315924.00,316278.00,
Redcar and Cleveland,Cleveland,Unitary Authority,137938.00,137168.00,136605.00,136571.00,136699.00,136276.00,135584.00,135344.00,135370.00,135106.00,134838.00,134951.00,135164.00,
Stockton-on-Tees,Cleveland,Unitary Authority,202415.00,200112.00,197032.00,196388.00,196860.00,197509.00,197046.00,196412.00,195790.00,195113.00,193923.00,192837.00,191824.00,
Tyne and Wear (Met County),Northumbria,Metropolitan County,1153212.00,1140956.00,1126149.00,1125285.00,1125461.00,1123051.00,1119523.00,1118572.00,1114817.00,1114172.00,1109702.00,1105765.00,1104141.00,
Gateshead,,Metropolitan District,199139.00,197922.00,196179.00,197342.00,198435.00,199915.00,200660.00,201359.00,201271.00,200728.00,200299.00,200252.00,200349.00,
Newcastle upon Tyne,,Metropolitan District,311976.00,306402.00,298545.00,298426.00,297087.00,294955.00,291759.00,290316.00,287955.00,286876.00,284371.00,280869.00,279092.00,
North Tyneside,,Metropolitan District,211769.00,210512.00,209128.00,208015.00,207294.00,205766.00,204492.00,203743.00,202953.00,203211.00,202268.00,201566.00,201206.00,
South Tyneside,,Metropolitan District,149270.00,148608.00,147919.00,147919.00,148368.00,148076.00,147796.00,147664.00,147230.00,147606.00,147517.00,147761.00,148164.00,
Sunderland,,Metropolitan District,281058.00,277512.00,274378.00,273583.00,274277.00,274339.00,274816.00,275490.00,275408.00,275751.00,275247.00,275317.00,275330.00,
NORTH WEST,North West,Region,7600126.00,7515718.00,7424092.00,7380605.00,7363267.00,7316116.00,7275765.00,7234141.00,7182651.00,7141096.00,7105146.00,7079344.00,7055961.00,
Blackburn with Darwen,Lancashire,Unitary Authority,157503.00,155823.00,154954.00,154564.00,154066.00,152787.00,152312.00,151497.00,150490.00,149579.00,149148.00,148532.00,147657.00,
Blackpool,Lancashire,Unitary Authority,142708.00,141648.00,140976.00,141560.00,142407.00,141880.00,142121.00,141996.00,141788.00,142253.00,142733.00,142565.00,142080.00,
Cheshire East,Cheshire,Unitary Authority,412458.00,406587.00,400474.00,393203.00,390556.00,386891.00,384221.00,381414.00,378511.00,376574.00,373956.00,372501.00,370736.00,
Cheshire West and Chester,Cheshire,Unitary Authority,365061.00,361799.00,357730.00,354738.00,353362.00,350076.00,346040.00,342424.00,339181.00,336437.00,333476.00,331231.00,329526.00,
Cumberland,Cumbria,Unitary Authority,276876.00,275331.00,273788.00,272444.00,273009.00,273256.00,273458.00,274192.00,274195.00,274139.00,274032.00,274285.00,274546.00,
Halton,Cheshire,Unitary Authority,129587.00,129008.00,128570.00,128508.00,128456.00,127873.00,127038.00,126851.00,126464.00,126335.00,125889.00,125596.00,125722.00,
Warrington,Chesire,Unitary Authority,212389.00,211797.00,211182.00,211627.00,212245.00,212008.00,212137.00,210873.00,209575.00,208056.00,205905.00,203914.00,202709.00,
Westmorland and Furness,Cumbria,Unitary Authority,228187.00,227648.00,226941.00,225995.00,226162.00,225685.00,225235.00,224754.00,224523.00,224164.00,224048.00,224550.00,225271.00,
Greater Manchester (Met County),Greater Manchester,Metropolitan County,2948633.00,2910993.00,2869531.00,2856110.00,2847959.00,2823878.00,2804283.00,2784566.00,2756962.00,2733895.00,2714958.00,2700093.00,2685386.00,
Bolton,,Metropolitan District,302383.00,299153.00,296169.00,295712.00,294888.00,291594.00,289684.00,287253.00,284972.00,283212.00,281629.00,279738.00,277296.00,
Bury,,Metropolitan District,195476.00,194590.00,193866.00,193604.00,193763.00,192900.00,191896.00,190470.00,189254.00,188406.00,187093.00,186632.00,185422.00,
Manchester,,Metropolitan District,579917.00,566778.00,550630.00,547340.00,545947.00,540675.00,536961.00,533446.00,523321.00,515360.00,510783.00,506869.00,502902.00,
Oldham,,Metropolitan District,246130.00,243993.00,242003.00,242181.00,242077.00,239923.00,237161.00,235021.00,232693.00,230348.00,227866.00,226057.00,225157.00,
Rochdale,,Metropolitan District,229756.00,226950.00,224127.00,223024.00,222042.00,219969.00,218492.00,216251.00,214560.00,213462.00,212503.00,212345.00,211929.00,
Salford,,Metropolitan District,284106.00,278867.00,270866.00,266090.00,263611.00,259224.00,255090.00,251562.00,246942.00,242602.00,239718.00,237421.00,234487.00,
Stockport,,Metropolitan District,299545.00,297191.00,295268.00,293851.00,293172.00,291631.00,290905.00,289879.00,288210.00,286267.00,284816.00,283953.00,283253.00,
Tameside,,Metropolitan District,234666.00,232806.00,231220.00,230521.00,229952.00,228435.00,226692.00,225480.00,223642.00,222364.00,221446.00,220457.00,219727.00,
Trafford,,Metropolitan District,237480.00,236651.00,235586.00,235937.00,236121.00,235623.00,234917.00,233710.00,232504.00,231799.00,230367.00,228512.00,227091.00,
Wigan,,Metropolitan District,339174.00,334014.00,329796.00,327850.00,326386.00,323904.00,322485.00,321494.00,320864.00,320075.00,318737.00,318109.00,318122.00,
Lancashire,Lancashire,County,1270162.00,1253922.00,1236228.00,1224128.00,1217384.00,1208672.00,1202420.00,1195310.00,1189153.00,1183512.00,1178586.00,1174321.00,1171558.00,
Burnley,,Non-metropolitan District,96435.00,95655.00,94734.00,93927.00,92949.00,91994.00,90902.00,89891.00,89230.00,88786.00,87795.00,87563.00,87032.00,
Chorley,,Non-metropolitan District,119352.00,118623.00,117908.00,117178.00,116762.00,115739.00,114810.00,113593.00,112418.00,111174.00,110160.00,108916.00,107591.00,
Fylde,,Non-metropolitan District,83846.00,82990.00,81750.00,80176.00,79852.00,79191.00,78423.00,77886.00,77135.00,76907.00,76253.00,75901.00,76098.00,
Hyndburn,,Non-metropolitan District,84261.00,83215.00,82271.00,82144.00,81954.00,81778.00,81392.00,81242.00,80781.00,80707.00,80316.00,80362.00,80549.00,
Lancaster,,Non-metropolitan District,145559.00,144561.00,142351.00,140881.00,139795.00,138995.00,138678.00,138572.00,138102.00,138469.00,138695.00,138452.00,137823.00,
Pendle,,Non-metropolitan District,97039.00,96197.00,95819.00,95099.00,94896.00,93872.00,93066.00,92502.00,91531.00,90803.00,90720.00,89873.00,89576.00,
Preston,,Non-metropolitan District,156411.00,151869.00,147786.00,145912.00,144624.00,142417.00,141734.00,140468.00,140615.00,140158.00,140302.00,140216.00,140054.00,
Ribble Valley,,Non-metropolitan District,64469.00,63140.00,61865.00,60780.00,59903.00,59452.00,59066.00,58611.00,58275.00,57911.00,57692.00,57509.00,57292.00,
Rossendale,,Non-metropolitan District,71541.00,71187.00,71008.00,70811.00,70884.00,70515.00,70084.00,69475.00,69196.00,68931.00,68505.00,68144.00,68053.00,
South Ribble,,Non-metropolitan District,113552.00,112201.00,111203.00,110613.00,110477.00,110334.00,110348.00,110253.00,109873.00,109357.00,108916.00,108879.00,109181.00,
West Lancashire,,Non-metropolitan District,120703.00,119360.00,117099.00,116198.00,115744.00,115366.00,115210.00,114243.00,113536.00,112544.00,111735.00,111040.00,110617.00,
Wyre,,Non-metropolitan District,116994.00,114924.00,112434.00,110409.00,109544.00,109019.00,108707.00,108574.00,108461.00,107765.00,107497.00,107466.00,107692.00,
Merseyside (Met County),Merseyside,Metropolitan County,1456562.00,1441162.00,1423718.00,1417728.00,1417661.00,1413110.00,1406500.00,1400264.00,1391809.00,1386152.00,1382415.00,1381756.00,1380770.00,
Knowsley,,Metropolitan District,159243.00,157107.00,154978.00,153408.00,151793.00,150042.00,148567.00,147928.00,147300.00,146562.00,146370.00,146227.00,145903.00,
Liverpool,,Metropolitan District,503740.00,495849.00,485022.00,483348.00,484687.00,483598.00,479801.00,475486.00,469953.00,465745.00,465815.00,465365.00,465656.00,
Sefton,,Metropolitan District,282745.00,281039.00,279693.00,278621.00,278908.00,277890.00,276962.00,276707.00,275546.00,275143.00,273814.00,273979.00,273969.00,
St. Helens,,Metropolitan District,185982.00,184728.00,183394.00,182102.00,181541.00,180937.00,180150.00,179229.00,178296.00,177785.00,176451.00,176214.00,175405.00,
Wirral,,Metropolitan District,324852.00,322439.00,320631.00,320249.00,320732.00,320643.00,321020.00,320914.00,320714.00,320917.00,319965.00,319971.00,319837.00,
YORKSHIRE AND THE HUMBER,Yorkshire and The Humber,Region,5594125.00,5538213.00,5482455.00,5468487.00,5464651.00,5443883.00,5427784.00,5408058.00,5377362.00,5356428.00,5335092.00,5313486.00,5288212.00,
East Riding of Yorkshire,Humberside,Unitary Authority,350119.00,346316.00,343145.00,341050.00,338944.00,337192.00,336697.00,336323.00,334735.00,335625.00,334572.00,334972.00,334673.00,
"Kingston upon Hull, City of",Humberside,Unitary Authority,271942.00,268677.00,266516.00,267591.00,268749.00,268223.00,267566.00,265338.00,262711.00,260896.00,259094.00,258085.00,256123.00,
North East Lincolnshire,Humberside,Unitary Authority,158335.00,157745.00,157188.00,157313.00,157957.00,158460.00,158699.00,158877.00,159140.00,159420.00,159456.00,159408.00,159735.00,
North Lincolnshire,Humberside,Unitary Authority,170087.00,170085.00,169929.00,170034.00,170283.00,170384.00,170616.00,170174.00,169212.00,168816.00,168309.00,167974.00,167516.00,
North Yorkshire,North Yorkshire,Unitary Authority,627629.00,623896.00,618627.00,610899.00,610660.00,607735.00,607291.00,605770.00,603711.00,603672.00,604151.00,603963.00,601206.00,
York,North Yorkshire,Unitary Authority,206780.00,204115.00,201851.00,202169.00,203877.00,203906.00,203546.00,202892.00,203212.00,202206.00,201168.00,199157.00,197783.00,
South Yorkshire (Met County),South Yorkshire,Metropolitan County,1407072.00,1390381.00,1374792.00,1373015.00,1374386.00,1372522.00,1368187.00,1366070.00,1359690.00,1356290.00,1352510.00,1348437.00,1343805.00,
Barnsley,,Metropolitan District,248449.00,246448.00,244887.00,244201.00,243558.00,242360.00,241287.00,240061.00,238242.00,236421.00,234875.00,233259.00,231865.00,
Doncaster,,Metropolitan District,314176.00,310964.00,308697.00,308185.00,308438.00,308237.00,307058.00,306137.00,304311.00,303673.00,302991.00,302626.00,302468.00,
Rotherham,,Metropolitan District,271195.00,268267.00,266173.00,265593.00,265991.00,265154.00,264167.00,263273.00,262063.00,261391.00,259391.00,258710.00,257716.00,
Sheffield,,Metropolitan District,573252.00,564702.00,555035.00,555036.00,556399.00,556771.00,555675.00,556599.00,555074.00,554805.00,555253.00,553842.00,551756.00,
West Yorkshire (Met County),West Yorkshire,Metropolitan County,2402161.00,2376998.00,2350407.00,2346416.00,2339795.00,2325461.00,2315182.00,2302614.00,2284951.00,2269503.00,2255832.00,2241490.00,2227371.00,
Bradford,,Metropolitan District,560194.00,553044.00,546839.00,547141.00,545966.00,542542.00,540447.00,538178.00,534919.00,531795.00,528712.00,525522.00,523115.00,
Calderdale,,Metropolitan District,208735.00,207660.00,206828.00,206976.00,207729.00,207215.00,207459.00,207744.00,207027.00,206614.00,205854.00,205116.00,204170.00,
Kirklees,,Metropolitan District,442033.00,437794.00,433458.00,432878.00,433259.00,433571.00,433393.00,432588.00,431110.00,429036.00,427009.00,424922.00,422970.00,
Leeds,,Metropolitan District,829413.00,820802.00,809479.00,808443.00,804640.00,797696.00,793134.00,786739.00,777987.00,770434.00,764369.00,758029.00,750683.00,
Wakefield,,Metropolitan District,361786.00,357698.00,353803.00,350978.00,348201.00,344437.00,340749.00,337365.00,333908.00,331624.00,329888.00,327901.00,326433.00,
EAST MIDLANDS,East Midlands,Region,4991265.00,4934832.00,4881559.00,4855469.00,4844001.00,4815151.00,4778346.00,4731615.00,4681640.00,4642629.00,4604568.00,4570702.00,4537448.00,
Derby,Derbyshire,Unitary Authority,266460.00,263620.00,261260.00,261999.00,263014.00,262395.00,261104.00,259883.00,257406.00,255320.00,253812.00,251804.00,248943.00,
Leicester,Leicestershire,Unitary Authority,379780.00,372495.00,366940.00,368922.00,369776.00,367094.00,361895.00,356789.00,349853.00,342917.00,338852.00,334099.00,329627.00,
North Northamptonshire,Northamptonshire,Unitary Authority,367991.00,363244.00,360418.00,356437.00,354848.00,351998.00,347704.00,341647.00,335250.00,330649.00,325788.00,322316.00,317959.00,
Nottingham,Nottinghamshire,Unitary Authority,329276.00,327424.00,319978.00,322822.00,323160.00,322323.00,320378.00,317625.00,313265.00,310339.00,308681.00,307436.00,303899.00,
Rutland,Leicestershire,Unitary Authority,40643.00,41225.00,41342.00,40633.00,40175.00,40053.00,39831.00,39044.00,38438.00,38294.00,37833.00,37114.00,37581.00,
West Northamptonshire,Northamptonshire,Unitary Authority,434349.00,429511.00,426707.00,422559.00,422168.00,417242.00,411732.00,405019.00,397939.00,391024.00,385699.00,380827.00,376008.00,
Derbyshire,Derbyshire,County,811449.00,803455.00,796710.00,790833.00,788880.00,784926.00,782882.00,779957.00,777373.00,776326.00,774002.00,772590.00,770688.00,
Amber Valley,,Non-metropolitan District,127709.00,126934.00,126442.00,125953.00,125791.00,124804.00,124225.00,123411.00,122835.00,123018.00,122856.00,122438.00,122521.00,
Bolsover,,Non-metropolitan District,82829.00,81541.00,80473.00,79647.00,79178.00,78566.00,78444.00,77870.00,77625.00,77074.00,76811.00,76505.00,76029.00,
Chesterfield,,Non-metropolitan District,104883.00,104104.00,103673.00,103761.00,104154.00,104056.00,104236.00,104347.00,104415.00,104285.00,104102.00,103835.00,103788.00,
Derbyshire Dales,,Non-metropolitan District,71530.00,71755.00,71659.00,70972.00,71190.00,71130.00,71092.00,70883.00,70893.00,71154.00,71148.00,71272.00,71104.00,
Erewash,,Non-metropolitan District,113844.00,113073.00,113039.00,113348.00,113711.00,114181.00,114129.00,114249.00,113984.00,113639.00,112871.00,112716.00,112249.00,
High Peak,,Non-metropolitan District,91569.00,91106.00,91079.00,90909.00,91170.00,90895.00,90991.00,90812.00,90766.00,90860.00,90930.00,90983.00,90982.00,
North East Derbyshire,,Non-metropolitan District,105035.00,103797.00,102294.00,100978.00,100371.00,100100.00,99897.00,99755.00,99173.00,99083.00,99091.00,99320.00,99100.00,
South Derbyshire,,Non-metropolitan District,114050.00,111145.00,108051.00,105265.00,103315.00,101194.00,99868.00,98630.00,97682.00,97213.00,96193.00,95521.00,94915.00,
Leicestershire,Leicestershire,County,734015.00,722940.00,712632.00,705536.00,700817.00,695090.00,687456.00,678088.00,671115.00,665412.00,658881.00,655098.00,651179.00,
Blaby,,Non-metropolitan District,105278.00,104283.00,103271.00,102293.00,101777.00,100767.00,99366.00,98014.00,96604.00,95964.00,95045.00,94656.00,94132.00,
Charnwood,,Non-metropolitan District,188010.00,185266.00,182906.00,182108.00,180988.00,179191.00,176997.00,174625.00,172909.00,170946.00,168766.00,167474.00,165876.00,
Harborough,,Non-metropolitan District,102581.00,100550.00,98254.00,95288.00,93661.00,92648.00,91718.00,90610.00,89402.00,87991.00,87346.00,86350.00,85699.00,
Hinckley and Bosworth,,Non-metropolitan District,114970.00,114315.00,113653.00,113051.00,112688.00,112245.00,111431.00,109920.00,108609.00,107468.00,106415.00,105955.00,105328.00,
Melton,,Non-metropolitan District,53237.00,52404.00,51756.00,51583.00,51470.00,51331.00,51113.00,51146.00,51013.00,50990.00,50891.00,50814.00,50495.00,
North West Leicestershire,,Non-metropolitan District,110316.00,107666.00,105004.00,103344.00,102461.00,101195.00,99315.00,97729.00,96362.00,95270.00,94358.00,93805.00,93670.00,
Oadby and Wigston,,Non-metropolitan District,59623.00,58456.00,57788.00,57869.00,57772.00,57713.00,57516.00,56044.00,56216.00,56783.00,56060.00,56044.00,55979.00,
Lincolnshire,Lincolnshire,County,782808.00,775864.00,769440.00,763610.00,761263.00,757281.00,753031.00,746141.00,738351.00,732981.00,725901.00,719807.00,714768.00,
Boston,,Non-metropolitan District,71367.00,70831.00,70815.00,70181.00,70226.00,70132.00,69673.00,68589.00,67586.00,67142.00,66612.00,65264.00,64615.00,
East Lindsey,,Non-metropolitan District,145371.00,144400.00,142916.00,141665.00,142039.00,141073.00,140072.00,138488.00,137753.00,137342.00,136399.00,136431.00,136683.00,
Lincoln,,Non-metropolitan District,103314.00,102964.00,102411.00,103531.00,103604.00,103212.00,102241.00,100679.00,99442.00,98482.00,97452.00,95501.00,93085.00,
North Kesteven,,Non-metropolitan District,121203.00,119689.00,118502.00,117057.00,115821.00,114860.00,114423.00,113063.00,111665.00,110746.00,109654.00,109139.00,108518.00,
South Holland,,Non-metropolitan District,97915.00,96964.00,95490.00,94029.00,93467.00,92964.00,92587.00,91970.00,90802.00,89914.00,89046.00,88502.00,88390.00,
South Kesteven,,Non-metropolitan District,145758.00,144228.00,143751.00,142869.00,142212.00,141616.00,141116.00,140409.00,138915.00,138082.00,136342.00,135092.00,134125.00,
West Lindsey,,Non-metropolitan District,97880.00,96788.00,95555.00,94278.00,93894.00,93424.00,92919.00,92943.00,92188.00,91273.00,90396.00,89878.00,89352.00,
Nottinghamshire,Nottinghamshire,County,844494.00,835054.00,826132.00,822118.00,819900.00,816749.00,812333.00,807422.00,802650.00,799367.00,795119.00,789611.00,786796.00,
Ashfield,,Non-metropolitan District,128360.00,127101.00,126356.00,126687.00,126521.00,126076.00,125410.00,123989.00,123115.00,122199.00,121352.00,119990.00,119522.00,
Bassetlaw,,Non-metropolitan District,122286.00,119985.00,118327.00,117068.00,116485.00,116212.00,115757.00,114879.00,114393.00,114026.00,113577.00,113248.00,113003.00,
Broxtowe,,Non-metropolitan District,113172.00,112395.00,110796.00,111397.00,111257.00,110937.00,110573.00,110346.00,110398.00,110527.00,110470.00,110300.00,109749.00,
Gedling,,Non-metropolitan District,118563.00,117682.00,117291.00,117141.00,117129.00,117092.00,116451.00,116418.00,115977.00,115840.00,114963.00,114062.00,113741.00,
Mansfield,,Non-metropolitan District,112091.00,111070.00,110592.00,109964.00,110237.00,109946.00,109461.00,108952.00,107510.00,106514.00,105771.00,104995.00,104551.00,
Newark and Sherwood,,Non-metropolitan District,126168.00,125056.00,123352.00,121831.00,121624.00,121025.00,120455.00,119388.00,118248.00,117638.00,116670.00,115773.00,114982.00,
Rushcliffe,,Non-metropolitan District,123854.00,121765.00,119418.00,118030.00,116647.00,115461.00,114226.00,113450.00,113009.00,112623.00,112316.00,111243.00,111248.00,
WEST MIDLANDS,West Midlands Region,Region,6085687.00,6017026.00,5956226.00,5931924.00,5920977.00,5889328.00,5855052.00,5812248.00,5756287.00,5716882.00,5676945.00,5640325.00,5608667.00,
"Herefordshire, County of",West Mercia,Unitary Authority,189890.00,188696.00,187522.00,185886.00,186373.00,186511.00,186687.00,186225.00,185778.00,185523.00,184748.00,184208.00,183619.00,
Shropshire,West Mercia,Unitary Authority,329260.00,327479.00,324669.00,321054.00,319729.00,317112.00,315232.00,312836.00,310751.00,309436.00,308181.00,307921.00,307108.00,
Stoke-on-Trent,Staffordshire,Unitary Authority,263157.00,260008.00,258102.00,258866.00,259181.00,258843.00,258235.00,256168.00,254095.00,253316.00,251568.00,250322.00,248719.00,
Telford and Wrekin,West Mercia,Unitary Authority,191915.00,189000.00,185857.00,183483.00,182081.00,179548.00,177528.00,175352.00,172898.00,170610.00,169014.00,167964.00,166831.00,
Staffordshire,Staffordshire,County,898521.00,886294.00,877808.00,872087.00,870117.00,866810.00,863528.00,861230.00,857167.00,856391.00,854573.00,850682.00,849546.00,
Cannock Chase,,Non-metropolitan District,102838.00,101144.00,100595.00,99565.00,98983.00,98553.00,97693.00,97312.00,97502.00,97703.00,97578.00,97537.00,97582.00,
East Staffordshire,,Non-metropolitan District,127637.00,125692.00,124486.00,123096.00,122052.00,120861.00,119782.00,118986.00,117657.00,116812.00,115724.00,114853.00,113858.00,
Lichfield,,Non-metropolitan District,110173.00,108337.00,106883.00,105008.00,104179.00,103163.00,102975.00,102624.00,102430.00,101910.00,101808.00,101286.00,100911.00,
Newcastle-under-Lyme,,Non-metropolitan District,128060.00,125404.00,123039.00,124567.00,125075.00,125755.00,125303.00,125367.00,123919.00,124162.00,123872.00,123132.00,123878.00,
South Staffordshire,,Non-metropolitan District,113088.00,111530.00,110787.00,110243.00,110478.00,110338.00,110302.00,109814.00,109704.00,109886.00,109840.00,108331.00,108318.00,
Stafford,,Non-metropolitan District,140677.00,138644.00,137201.00,135685.00,135286.00,134069.00,133199.00,132507.00,131221.00,131312.00,131485.00,131324.00,130895.00,
Staffordshire Moorlands,,Non-metropolitan District,95785.00,95904.00,95975.00,95955.00,96366.00,96591.00,96947.00,96932.00,97102.00,97235.00,96958.00,96936.00,97209.00,
Tamworth,,Non-metropolitan District,80263.00,79639.00,78842.00,77968.00,77698.00,77480.00,77327.00,77688.00,77632.00,77371.00,77308.00,77283.00,76895.00,
Warwickshire,Warwickshire,County,617823.00,607713.00,599115.00,589253.00,584155.00,578389.00,572303.00,566625.00,561471.00,557454.00,553178.00,550276.00,546554.00,
North Warwickshire,,Non-metropolitan District,66166.00,65947.00,65338.00,64271.00,64383.00,64098.00,63517.00,62908.00,62681.00,62292.00,62057.00,62099.00,62089.00,
Nuneaton and Bedworth,,Non-metropolitan District,137794.00,135499.00,134303.00,133688.00,132953.00,131830.00,131138.00,129899.00,128588.00,127980.00,127275.00,126438.00,125409.00,
Rugby,,Non-metropolitan District,118781.00,116461.00,114835.00,112672.00,110998.00,109418.00,108671.00,107555.00,106327.00,104734.00,102851.00,101509.00,100496.00,
Stratford-on-Avon,,Non-metropolitan District,141929.00,138573.00,135946.00,131979.00,129816.00,127565.00,125624.00,123729.00,122850.00,122142.00,121548.00,121005.00,120824.00,
Warwick,,Non-metropolitan District,153153.00,151233.00,148693.00,146643.00,146005.00,145478.00,143353.00,142534.00,141025.00,140306.00,139447.00,139225.00,137736.00,
West Midlands (Met County),West Midlands,Metropolitan County,2980936.00,2948513.00,2918251.00,2921476.00,2921091.00,2907123.00,2889499.00,2865850.00,2831662.00,2805420.00,2781813.00,2758833.00,2739733.00,
Birmingham,,Metropolitan District,1166049.00,1154221.00,1143285.00,1148692.00,1150646.00,1146050.00,1139893.00,1131271.00,1114932.00,1103724.00,1094531.00,1084661.00,1074283.00,
Coventry,,Metropolitan District,360702.00,352889.00,344151.00,344702.00,343715.00,342811.00,340034.00,337064.00,331112.00,325066.00,322146.00,318141.00,316915.00,
Dudley,,Metropolitan District,326680.00,324931.00,323591.00,322513.00,322090.00,320989.00,319539.00,317669.00,316393.00,315700.00,314460.00,313631.00,313261.00,
Sandwell,,Metropolitan District,347551.00,344582.00,341895.00,341436.00,340198.00,336977.00,333826.00,330051.00,325911.00,321610.00,317499.00,312710.00,309042.00,
Solihull,,Metropolitan District,218793.00,217784.00,216677.00,216432.00,216323.00,214901.00,214330.00,213061.00,211697.00,211205.00,209115.00,207729.00,206856.00,
Walsall,,Metropolitan District,288736.00,286218.00,284392.00,284578.00,284600.00,282921.00,281229.00,278429.00,275490.00,273764.00,271704.00,270517.00,269524.00,
Wolverhampton,,Metropolitan District,272425.00,267888.00,264260.00,263123.00,263519.00,262474.00,260648.00,258305.00,256127.00,254351.00,252358.00,251444.00,249852.00,
Worcestershire,West Mercia,County,614185.00,609323.00,604902.00,599819.00,598250.00,594992.00,592040.00,587962.00,582465.00,578732.00,573870.00,570119.00,566557.00,
Bromsgrove,,Non-metropolitan District,100679.00,100155.00,99449.00,98837.00,98339.00,97315.00,96703.00,96254.00,95440.00,95380.00,94530.00,94179.00,93732.00,
Malvern Hills,,Non-metropolitan District,81822.00,81070.00,79969.00,78288.00,77872.00,77362.00,76696.00,76391.00,76024.00,76208.00,75454.00,75116.00,74706.00,
Redditch,,Non-metropolitan District,87059.00,87129.00,86981.00,86561.00,86307.00,86186.00,86463.00,86432.00,85866.00,85266.00,85072.00,84667.00,84318.00,
Worcester,,Non-metropolitan District,105143.00,104119.00,103628.00,104399.00,105137.00,105303.00,105321.00,104696.00,103093.00,102267.00,101295.00,100082.00,98679.00,
Wychavon,,Non-metropolitan District,136229.00,134544.00,133084.00,130419.00,129003.00,127335.00,125694.00,123632.00,121990.00,120170.00,118841.00,117858.00,117074.00,
Wyre Forest,,Non-metropolitan District,103253.00,102306.00,101791.00,101315.00,101592.00,101491.00,101163.00,100557.00,100052.00,99441.00,98678.00,98217.00,98048.00,
EAST,East,Region,6468665.00,6401418.00,6349646.00,6297779.00,6274179.00,6237376.00,6202843.00,6161075.00,6098262.00,6039521.00,5970484.00,5915033.00,5862418.00,
Bedford,Bedfordshire,Unitary Authority,189891.00,187503.00,185796.00,182346.00,180651.00,178288.00,175537.00,173703.00,170149.00,166856.00,163672.00,160344.00,157840.00,
Central Bedfordshire,Bedfordshire,Unitary Authority,308302.00,301820.00,295651.00,289105.00,284688.00,280414.00,277655.00,274909.00,270962.00,267066.00,263425.00,259524.00,255644.00,
Luton,Bedfordshire,Unitary Authority,231028.00,227298.00,224958.00,224132.00,223106.00,221532.00,220752.00,220952.00,217612.00,213749.00,209624.00,205873.00,203641.00,
Peterborough,Cambridgeshire,Unitary Authority,219509.00,217657.00,216470.00,213718.00,213026.00,211037.00,208237.00,205091.00,200246.00,195766.00,192488.00,188675.00,184457.00,
Southend-on-Sea,Essex,Unitary Authority,182271.00,180884.00,180655.00,181276.00,182115.00,181877.00,181405.00,180465.00,179203.00,178610.00,176350.00,175196.00,174274.00,
Thurrock,Essex,Unitary Authority,178201.00,176788.00,175933.00,175803.00,174924.00,173113.00,170966.00,168977.00,166622.00,164451.00,161702.00,160026.00,158268.00,
Cambridgeshire,Cambridgeshire,County,699573.00,690058.00,680747.00,671281.00,668649.00,665676.00,661465.00,657286.00,651011.00,643025.00,634996.00,628779.00,622312.00,
Cambridge,,Non-metropolitan District,149963.00,147813.00,145022.00,143741.00,143153.00,141726.00,138462.00,136054.00,133654.00,130432.00,127819.00,124679.00,122725.00,
East Cambridgeshire,,Non-metropolitan District,91466.00,89438.00,88125.00,86948.00,87010.00,86885.00,87016.00,86952.00,86757.00,86316.00,85483.00,85101.00,84245.00,
Fenland,,Non-metropolitan District,103537.00,103002.00,102731.00,102228.00,102487.00,102346.00,102029.00,101075.00,99991.00,98571.00,97556.00,96429.00,95461.00,
Huntingdonshire,,Non-metropolitan District,186066.00,184096.00,181827.00,177816.00,176968.00,176909.00,176743.00,176425.00,175647.00,174283.00,172540.00,171437.00,170039.00,
South Cambridgeshire,,Non-metropolitan District,168541.00,165709.00,163042.00,160548.00,159031.00,157810.00,157215.00,156780.00,154962.00,153423.00,151598.00,151133.00,149842.00,
Essex,Essex,County,1536118.00,1519859.00,1506726.00,1495515.00,1489341.00,1478385.00,1469674.00,1460525.00,1447710.00,1436516.00,1418900.00,1407607.00,1396599.00,
Basildon,,Non-metropolitan District,190544.00,188810.00,187718.00,187796.00,187714.00,186668.00,185299.00,184651.00,182734.00,181317.00,178944.00,176622.00,174971.00,
Braintree,,Non-metropolitan District,159957.00,157605.00,155693.00,154107.00,153439.00,152353.00,152422.00,151848.00,150908.00,150314.00,149285.00,148443.00,147514.00,
Brentwood,,Non-metropolitan District,78152.00,77348.00,77111.00,77339.00,77231.00,76854.00,76950.00,77163.00,76690.00,76193.00,74912.00,74255.00,73841.00,
Castle Point,,Non-metropolitan District,89858.00,89744.00,89712.00,89782.00,89619.00,89341.00,89275.00,89390.00,88854.00,88654.00,88377.00,88119.00,87964.00,
Chelmsford,,Non-metropolitan District,185278.00,183414.00,181827.00,180488.00,179882.00,178017.00,177102.00,175137.00,173397.00,172128.00,170481.00,169301.00,168491.00,
Colchester,,Non-metropolitan District,196998.00,194648.00,192658.00,191979.00,190470.00,189101.00,187177.00,185361.00,183242.00,180414.00,177308.00,175840.00,173614.00,
Epping Forest,,Non-metropolitan District,135975.00,135009.00,134941.00,134569.00,134206.00,133373.00,132376.00,131587.00,130848.00,130040.00,128068.00,126599.00,124880.00,
Harlow,,Non-metropolitan District,96040.00,94444.00,93428.00,92415.00,91952.00,90695.00,89824.00,88913.00,87797.00,86531.00,84743.00,83478.00,82177.00,
Maldon,,Non-metropolitan District,68327.00,67568.00,66611.00,65090.00,64481.00,64015.00,63743.00,63319.00,62796.00,62807.00,62184.00,61942.00,61720.00,
Rochford,,Non-metropolitan District,88188.00,87194.00,86181.00,85213.00,85290.00,85129.00,84672.00,84568.00,84291.00,84111.00,83372.00,83582.00,83333.00,
Tendring,,Non-metropolitan District,153207.00,151400.00,148925.00,146255.00,145696.00,145128.00,144323.00,143023.00,141531.00,140275.00,138862.00,138278.00,138062.00,
Uttlesford,,Non-metropolitan District,93594.00,92675.00,91921.00,90482.00,89361.00,87711.00,86511.00,85565.00,84622.00,83732.00,82364.00,81148.00,80032.00,
Hertfordshire,Hertfordshire,County,1215387.00,1205137.00,1200899.00,1198052.00,1193394.00,1188182.00,1185014.00,1180234.00,1167308.00,1156321.00,1143681.00,1131536.00,1119824.00,
Broxbourne,,Non-metropolitan District,100042.00,98999.00,99142.00,99311.00,98869.00,98317.00,98096.00,98153.00,97275.00,96776.00,95712.00,94990.00,93702.00,
Dacorum,,Non-metropolitan District,157827.00,156167.00,155211.00,154815.00,154367.00,153982.00,153282.00,152462.00,150906.00,149380.00,148057.00,146826.00,145298.00,
East Hertfordshire,,Non-metropolitan District,153391.00,151717.00,150662.00,149027.00,147335.00,146048.00,145743.00,144801.00,143293.00,141915.00,140519.00,139256.00,138155.00,
Hertsmere,,Non-metropolitan District,108993.00,108311.00,108129.00,107612.00,107234.00,106458.00,105920.00,105372.00,104414.00,103541.00,102201.00,101389.00,100379.00,
North Hertfordshire,,Non-metropolitan District,135596.00,134161.00,133583.00,133054.00,133195.00,133283.00,133629.00,133103.00,131662.00,131062.00,129460.00,128542.00,127494.00,
St Albans,,Non-metropolitan District,148755.00,148524.00,148624.00,148555.00,148058.00,147552.00,147596.00,147823.00,146894.00,145938.00,144222.00,142616.00,141248.00,
Stevenage,,Non-metropolitan District,90146.00,89616.00,89360.00,89755.00,89541.00,89310.00,89099.00,88466.00,87482.00,86719.00,85974.00,85052.00,84247.00,
Three Rivers,,Non-metropolitan District,94693.00,94179.00,93934.00,93795.00,93443.00,93209.00,93075.00,92959.00,91961.00,90723.00,89814.00,89115.00,87921.00,
Watford,,Non-metropolitan District,104195.00,103043.00,102507.00,102322.00,102172.00,101658.00,100957.00,100458.00,99449.00,98101.00,95732.00,93066.00,90653.00,
Welwyn Hatfield,,Non-metropolitan District,121749.00,120420.00,119747.00,119806.00,119180.00,118365.00,117617.00,116637.00,113972.00,112166.00,111990.00,110684.00,110727.00,
Norfolk,Norfolk,County,931943.00,925695.00,918462.00,909883.00,906964.00,903527.00,898548.00,891150.00,882938.00,876986.00,870771.00,864776.00,859426.00,
Breckland,,Non-metropolitan District,145081.00,143459.00,142160.00,140408.00,139523.00,139146.00,138592.00,137190.00,135667.00,134204.00,132905.00,131701.00,131009.00,
Broadland,,Non-metropolitan District,135565.00,133885.00,132238.00,130760.00,129721.00,128674.00,127708.00,126642.00,125837.00,125305.00,125081.00,124952.00,124740.00,
Great Yarmouth,,Non-metropolitan District,100065.00,99834.00,100179.00,99851.00,100448.00,100343.00,100181.00,99471.00,99031.00,98520.00,98076.00,97682.00,97424.00,
King's Lynn and West Norfolk,,Non-metropolitan District,155758.00,155720.00,154920.00,153023.00,153332.00,153451.00,153666.00,152867.00,151863.00,150742.00,149722.00,148938.00,147936.00,
North Norfolk,,Non-metropolitan District,103228.00,103223.00,103239.00,102064.00,102509.00,102523.00,102718.00,102176.00,101973.00,102012.00,101410.00,101445.00,101664.00,
Norwich,,Non-metropolitan District,145591.00,144957.00,143217.00,143935.00,143300.00,143830.00,142110.00,141332.00,138625.00,137631.00,136514.00,134378.00,132158.00,
South Norfolk,,Non-metropolitan District,146655.00,144617.00,142509.00,139842.00,138131.00,135560.00,133573.00,131472.00,129942.00,128572.00,127063.00,125680.00,124495.00,
Suffolk,Suffolk,County,776442.00,768719.00,763349.00,756668.00,757321.00,755345.00,753590.00,747783.00,744501.00,740175.00,734875.00,732697.00,730133.00,
Babergh,,Non-metropolitan District,95872.00,94287.00,92724.00,91491.00,90917.00,90456.00,89918.00,89584.00,89391.00,88999.00,88420.00,88144.00,87901.00,
East Suffolk,,Non-metropolitan District,247100.00,247083.00,246776.00,245482.00,245052.00,244313.00,243496.00,241807.00,240479.00,239929.00,239921.00,239607.00,239946.00,
Ipswich,,Non-metropolitan District,139378.00,139295.00,139638.00,139889.00,140809.00,141643.00,141922.00,141245.00,139694.00,138108.00,136760.00,135694.00,133729.00,
Mid Suffolk,,Non-metropolitan District,108029.00,105726.00,103398.00,101570.00,100840.00,99744.00,99263.00,98731.00,98760.00,98404.00,97636.00,97432.00,97076.00,
West Suffolk,,Non-metropolitan District,186063.00,182328.00,180813.00,178236.00,179703.00,179189.00,178991.00,176416.00,176177.00,174735.00,172138.00,171820.00,171481.00,
LONDON,London,Region,8945309.00,8869043.00,8804769.00,8867008.00,8889743.00,8833335.00,8776229.00,8743651.00,8659545.00,8547192.00,8438987.00,8320767.00,8204407.00,
Camden,Metropolitan Police,London Borough,220903.00,217365.00,210968.00,214768.00,217136.00,217915.00,218833.00,221024.00,221032.00,221095.00,221348.00,219647.00,220087.00,
City of London,City of London,London Borough,13462.00,11457.00,8689.00,8331.00,8765.00,8165.00,7877.00,7737.00,7668.00,7567.00,7537.00,7514.00,7412.00,
Hackney,Metropolitan Police,London Borough,263282.00,261632.00,260082.00,263782.00,265825.00,266210.00,264834.00,264892.00,261929.00,258735.00,255646.00,251193.00,247182.00,
Hammersmith and Fulham,Metropolitan Police,London Borough,186176.00,185506.00,183310.00,186555.00,188562.00,189037.00,187720.00,187472.00,187246.00,186659.00,186056.00,184439.00,182445.00,
Haringey,Metropolitan Police,London Borough,262895.00,262413.00,264317.00,269534.00,273716.00,274240.00,274463.00,276262.00,272938.00,268901.00,265054.00,259312.00,255540.00,
Islington,Metropolitan Police,London Borough,220584.00,219594.00,217050.00,221018.00,221994.00,221453.00,221535.00,220620.00,218255.00,214986.00,212604.00,208762.00,206285.00,
Kensington and Chelsea,Metropolitan Police,London Borough,147460.00,146392.00,144266.00,144874.00,146805.00,148471.00,149651.00,152708.00,156149.00,156178.00,156823.00,157240.00,158251.00,
Lambeth,Metropolitan Police,London Borough,315706.00,316700.00,317691.00,325527.00,329513.00,328923.00,327227.00,326613.00,322881.00,318196.00,314375.00,310449.00,304481.00,
Lewisham,Metropolitan Police,London Borough,298708.00,299023.00,300013.00,304169.00,305906.00,303127.00,300924.00,298809.00,295364.00,291086.00,286056.00,281011.00,276938.00,
Newham,Metropolitan Police,London Borough,362552.00,357147.00,351256.00,350025.00,349786.00,344570.00,338333.00,335337.00,330322.00,322984.00,316952.00,313750.00,310460.00,
Southwark,Metropolitan Police,London Borough,315519.00,311492.00,306762.00,312055.00,312591.00,310492.00,307640.00,306720.00,304048.00,299685.00,297868.00,293078.00,288717.00,
Tower Hamlets,Metropolitan Police,London Borough,328626.00,323854.00,312715.00,306780.00,305066.00,300050.00,293526.00,289011.00,282674.00,277060.00,270294.00,261936.00,256012.00,
Wandsworth,Metropolitan Police,London Borough,331456.00,329358.00,328429.00,333678.00,334558.00,331069.00,329493.00,326413.00,322658.00,319898.00,316810.00,312262.00,307710.00,
Westminster,Metropolitan Police,London Borough,211508.00,209866.00,205759.00,205624.00,208415.00,209868.00,210459.00,213193.00,215876.00,214341.00,215907.00,219539.00,219582.00,
Barking and Dagenham,Metropolitan Police,London Borough,222308.00,220039.00,218714.00,219227.00,218828.00,216298.00,214017.00,211047.00,206450.00,201244.00,196204.00,191453.00,187029.00,
Barnet,Metropolitan Police,London Borough,395007.00,390346.00,388955.00,391046.00,390590.00,387574.00,384117.00,382925.00,377826.00,373853.00,368611.00,363260.00,357538.00,
Bexley,Metropolitan Police,London Borough,250853.00,247754.00,246637.00,246924.00,246622.00,245244.00,244494.00,244006.00,241427.00,239112.00,236169.00,234435.00,232774.00,
Brent,Metropolitan Police,London Borough,344521.00,341183.00,339248.00,343988.00,347424.00,345558.00,342439.00,339524.00,335605.00,329981.00,324345.00,317984.00,312245.00,
Bromley,Metropolitan Police,London Borough,331162.00,329689.00,329899.00,331247.00,331192.00,330367.00,329134.00,327701.00,325653.00,321800.00,318582.00,314663.00,310554.00,
Croydon,Metropolitan Police,London Borough,397741.00,392610.00,390691.00,392101.00,390643.00,386999.00,385567.00,384382.00,381277.00,378244.00,374270.00,369617.00,364815.00,
Ealing,Metropolitan Police,London Borough,375340.00,370129.00,366762.00,367936.00,367284.00,364208.00,362670.00,362163.00,359144.00,354660.00,350650.00,344834.00,339314.00,
Enfield,Metropolitan Police,London Borough,327429.00,327426.00,329876.00,333149.00,335151.00,334000.00,333077.00,333295.00,330868.00,326340.00,321754.00,317780.00,313935.00,
Greenwich,Metropolitan Police,London Borough,294113.00,291879.00,289537.00,288384.00,288205.00,285773.00,282376.00,278768.00,274230.00,268305.00,264036.00,260360.00,255483.00,
Harrow,Metropolitan Police,London Borough,263448.00,261933.00,261159.00,262281.00,262065.00,259861.00,257881.00,257317.00,255308.00,251618.00,247018.00,243800.00,240499.00,
Havering,Metropolitan Police,London Borough,268145.00,264675.00,262086.00,261906.00,261296.00,259229.00,257429.00,254487.00,250449.00,246771.00,242550.00,239946.00,237927.00,
Hillingdon,Metropolitan Police,London Borough,319018.00,310894.00,305107.00,306460.00,305641.00,302263.00,299469.00,297451.00,294011.00,290225.00,285982.00,281263.00,275499.00,
Hounslow,Metropolitan Police,London Borough,295706.00,291199.00,288164.00,289773.00,289652.00,285430.00,281117.00,278601.00,275097.00,270773.00,265547.00,260584.00,254927.00,
Kingston upon Thames,Metropolitan Police,London Borough,170454.00,169082.00,167992.00,169770.00,169797.00,168729.00,168781.00,168617.00,167594.00,165791.00,164418.00,162562.00,160436.00,
Merton,Metropolitan Police,London Borough,215219.00,215121.00,215426.00,217101.00,217219.00,216171.00,215431.00,215514.00,213791.00,211025.00,208529.00,205166.00,200543.00,
Redbridge,Metropolitan Police,London Borough,313392.00,311515.00,310130.00,311750.00,311780.00,308841.00,305937.00,304369.00,301022.00,295837.00,289976.00,285437.00,281395.00,
Richmond upon Thames,Metropolitan Police,London Borough,195513.00,195165.00,195315.00,197797.00,198185.00,197119.00,196849.00,196293.00,194966.00,194492.00,192375.00,189934.00,187527.00,
Sutton,Metropolitan Police,London Borough,211123.00,210293.00,209617.00,209921.00,208516.00,206286.00,204824.00,203299.00,201208.00,199144.00,196678.00,193982.00,191123.00,
Waltham Forest,Metropolitan Police,London Borough,275980.00,276312.00,278147.00,279527.00,281015.00,279795.00,278105.00,277081.00,274579.00,270606.00,267963.00,263575.00,259742.00,
SOUTH EAST,South East,Region,9482507.00,9387286.00,9295829.00,9225273.00,9193770.00,9150245.00,9105076.00,9053011.00,8969638.00,8893930.00,8809382.00,8731840.00,8652784.00,
Bracknell Forest,Thames Valley,Unitary Authority,128351.00,127030.00,125195.00,123188.00,121660.00,121046.00,120164.00,119553.00,119078.00,117979.00,116552.00,115100.00,113696.00,
Brighton and Hove,Sussex,Unitary Authority,279637.00,278370.00,276454.00,278496.00,279920.00,281250.00,279500.00,279796.00,277351.00,275999.00,275494.00,274051.00,272952.00,
Isle of Wight,Hampshire,Unitary Authority,140906.00,140779.00,140885.00,140915.00,141764.00,141665.00,141277.00,139650.00,139316.00,138899.00,138146.00,138632.00,138392.00,
Medway,Kent,Unitary Authority,286800.00,282643.00,279903.00,280364.00,279852.00,278827.00,278652.00,277504.00,276037.00,273977.00,271084.00,268144.00,264885.00,
Milton Keynes,Thames Valley,Unitary Authority,298270.00,292517.00,288312.00,283707.00,281434.00,278892.00,276588.00,274231.00,269783.00,264948.00,259672.00,254003.00,249895.00,
Portsmouth,Hampshire,Unitary Authority,210297.00,208949.00,207119.00,209142.00,210412.00,211215.00,210965.00,209951.00,207873.00,206200.00,205905.00,205729.00,205433.00,
Reading,Thames Valley,Unitary Authority,178196.00,175742.00,173371.00,173879.00,174288.00,174484.00,173047.00,171750.00,169220.00,166300.00,163089.00,159065.00,155339.00,
Slough,Thames Valley,Unitary Authority,160713.00,159387.00,158448.00,158281.00,157632.00,155915.00,154573.00,152565.00,150104.00,147313.00,144880.00,143095.00,140713.00,
Southampton,Hampshire,Unitary Authority,256110.00,252151.00,247672.00,248679.00,249428.00,250803.00,250492.00,248662.00,244666.00,241230.00,239484.00,238097.00,235870.00,
West Berkshire,Thames Valley,Unitary Authority,163367.00,162397.00,161864.00,161026.00,160883.00,160953.00,160729.00,160551.00,158895.00,157663.00,156789.00,155172.00,154148.00,
Windsor and Maidenhead,Thames Valley,Unitary Authority,155239.00,154869.00,153922.00,153991.00,153893.00,153470.00,152648.00,152085.00,150043.00,148936.00,147525.00,146642.00,145098.00,
Wokingham,Thames Valley,Unitary Authority,183870.00,181383.00,178231.00,174708.00,171789.00,168734.00,165664.00,163797.00,161773.00,159576.00,158372.00,157038.00,154943.00,
Buckinghamshire,Thames Valley,Unitary Authority,566694.00,560688.00,555161.00,549066.00,545859.00,541983.00,538762.00,535519.00,529999.00,523613.00,517918.00,512105.00,506550.00,
East Sussex,Sussex,County,555484.00,551007.00,546861.00,544582.00,545261.00,544719.00,544697.00,543389.00,540620.00,537577.00,533183.00,530358.00,527209.00,
Eastbourne,,Non-metropolitan District,103796.00,102364.00,101601.00,101984.00,102754.00,102544.00,102964.00,102610.00,101996.00,101328.00,100662.00,99990.00,99308.00,
Hastings,,Non-metropolitan District,90817.00,90621.00,90974.00,91130.00,91570.00,91963.00,92016.00,92347.00,91795.00,91356.00,90994.00,90493.00,90173.00,
Lewes,,Non-metropolitan District,101356.00,100679.00,100166.00,100443.00,100813.00,100589.00,100434.00,100062.00,99717.00,99607.00,99215.00,98532.00,97584.00,
Rother,,Non-metropolitan District,94862.00,94221.00,93409.00,92734.00,92581.00,92832.00,92904.00,92314.00,91751.00,91269.00,90487.00,90735.00,90729.00,
Wealden,,Non-metropolitan District,164653.00,163122.00,160711.00,158291.00,157543.00,156791.00,156379.00,156056.00,155361.00,154017.00,151825.00,150608.00,149415.00,
Hampshire,Hampshire,County,1428559.00,1417257.00,1406110.00,1391311.00,1384378.00,1378177.00,1373783.00,1368397.00,1358341.00,1349948.00,1339946.00,1331572.00,1322118.00,
Basingstoke and Deane,,Non-metropolitan District,190198.00,187870.00,185713.00,183125.00,181396.00,179828.00,179083.00,178352.00,176838.00,175144.00,173300.00,171272.00,168550.00,
East Hampshire,,Non-metropolitan District,128440.00,127285.00,126192.00,123725.00,122154.00,120647.00,119451.00,118817.00,118760.00,118015.00,117343.00,116541.00,116010.00,
Eastleigh,,Non-metropolitan District,140950.00,139056.00,136963.00,134090.00,132175.00,130517.00,129386.00,128808.00,128283.00,128255.00,127248.00,126483.00,125852.00,
Fareham,,Non-metropolitan District,114155.00,114562.00,114952.00,114777.00,114879.00,115115.00,115232.00,115102.00,114480.00,114156.00,113410.00,113033.00,111931.00,
Gosport,,Non-metropolitan District,82385.00,82277.00,82169.00,82588.00,83022.00,83700.00,84246.00,84476.00,83834.00,83569.00,83015.00,83063.00,82669.00,
Hart,,Non-metropolitan District,101542.00,100912.00,100262.00,98299.00,97727.00,97022.00,96322.00,95560.00,94766.00,93941.00,93015.00,92354.00,91662.00,
Havant,,Non-metropolitan District,125682.00,124839.00,124467.00,124018.00,124099.00,124100.00,123836.00,123043.00,122189.00,121514.00,121105.00,120964.00,120783.00,
New Forest,,Non-metropolitan District,175398.00,175932.00,176217.00,175937.00,177111.00,177525.00,177616.00,177855.00,177813.00,177875.00,177362.00,177030.00,176789.00,
Rushmoor,,Non-metropolitan District,102908.00,101003.00,100096.00,100140.00,99756.00,99372.00,99590.00,99385.00,97682.00,97064.00,96344.00,95581.00,94354.00,
Test Valley,,Non-metropolitan District,134461.00,132924.00,131158.00,128858.00,127652.00,126474.00,125250.00,124155.00,122256.00,120478.00,119068.00,117462.00,116698.00,
Winchester,,Non-metropolitan District,132440.00,130597.00,127921.00,125754.00,124407.00,123877.00,123771.00,122844.00,121440.00,119937.00,118736.00,117789.00,116820.00,
Kent,Kent,County,1610251.00,1594467.00,1578552.00,1567971.00,1562840.00,1552853.00,1542707.00,1531022.00,1517016.00,1506187.00,1490021.00,1478262.00,1466466.00,
Ashford,,Non-metropolitan District,138283.00,135741.00,133221.00,131431.00,130466.00,129701.00,128049.00,126327.00,124580.00,123682.00,121850.00,120191.00,118405.00,
Canterbury,,Non-metropolitan District,159939.00,158282.00,156631.00,157187.00,157109.00,157256.00,157944.00,157280.00,156143.00,155151.00,153475.00,151710.00,150600.00,
Dartford,,Non-metropolitan District,120699.00,118810.00,116819.00,115572.00,113928.00,110818.00,108372.00,105905.00,104379.00,102765.00,100756.00,99064.00,97604.00,
Dover,,Non-metropolitan District,118591.00,117546.00,116549.00,116134.00,115902.00,115148.00,114335.00,113365.00,112464.00,112541.00,111979.00,111529.00,111718.00,
Folkestone and Hythe,,Non-metropolitan District,110995.00,110356.00,110040.00,109587.00,109659.00,109728.00,109095.00,109235.00,108327.00,108153.00,107899.00,108185.00,108199.00,
Gravesham,,Non-metropolitan District,107737.00,106870.00,106883.00,107146.00,107348.00,106726.00,106543.00,106823.00,106404.00,105434.00,103837.00,103004.00,101766.00,
Maidstone,,Non-metropolitan District,184187.00,180569.00,176697.00,173272.00,171816.00,169974.00,168115.00,165953.00,164112.00,161567.00,159308.00,157457.00,155764.00,
Sevenoaks,,Non-metropolitan District,121262.00,121173.00,120823.00,120051.00,119575.00,119165.00,118489.00,118289.00,117735.00,117376.00,116696.00,116250.00,115351.00,
Swale,,Non-metropolitan District,155893.00,154598.00,152218.00,150584.00,149753.00,148400.00,146846.00,145184.00,142723.00,140992.00,139135.00,137694.00,136324.00,
Thanet,,Non-metropolitan District,140439.00,140683.00,140658.00,139945.00,140624.00,140848.00,140680.00,140373.00,139668.00,138695.00,136916.00,135730.00,134402.00,
Tonbridge and Malling,,Non-metropolitan District,135206.00,133664.00,132363.00,131791.00,131502.00,130149.00,128680.00,127090.00,125712.00,124603.00,123006.00,122046.00,121087.00,
Tunbridge Wells,,Non-metropolitan District,117020.00,116175.00,115650.00,115271.00,115158.00,114940.00,115559.00,115198.00,114769.00,115228.00,115164.00,115402.00,115246.00,
Oxfordshire,Thames Valley,County,750230.00,737795.00,726727.00,714766.00,708513.00,702259.00,696188.00,690541.00,682571.00,676621.00,669390.00,662243.00,654791.00,
Cherwell,,Non-metropolitan District,166321.00,164189.00,161830.00,158435.00,156447.00,154367.00,152329.00,150819.00,148630.00,146636.00,145185.00,143519.00,142252.00,
Oxford,,Non-metropolitan District,165184.00,162448.00,160379.00,160064.00,160789.00,161342.00,160754.00,160119.00,158156.00,157582.00,154916.00,152407.00,150245.00,
South Oxfordshire,,Non-metropolitan District,153424.00,151845.00,150002.00,146844.00,144875.00,143019.00,142115.00,141511.00,140260.00,139186.00,137403.00,136267.00,134961.00,
Vale of White Horse,,Non-metropolitan District,145970.00,142335.00,139400.00,136889.00,135040.00,132875.00,130701.00,128387.00,126165.00,124581.00,123441.00,122622.00,121891.00,
West Oxfordshire,,Non-metropolitan District,119331.00,116978.00,115116.00,112534.00,111362.00,110656.00,110289.00,109705.00,109360.00,108636.00,108445.00,107428.00,105442.00,
Surrey,Surrey,County,1228671.00,1217048.00,1205994.00,1195847.00,1192224.00,1186752.00,1185103.00,1182180.00,1174418.00,1166995.00,1156631.00,1145011.00,1135367.00,
Elmbridge,,Non-metropolitan District,140500.00,140299.00,139453.00,138098.00,137098.00,136863.00,136936.00,136974.00,136380.00,135980.00,134588.00,132847.00,131428.00,
Epsom and Ewell,,Non-metropolitan District,81989.00,81349.00,81006.00,81197.00,80685.00,80121.00,79862.00,79386.00,78890.00,78456.00,77334.00,76148.00,75191.00,
Guildford,,Non-metropolitan District,149176.00,146378.00,144013.00,142732.00,142328.00,142384.00,143294.00,142891.00,141577.00,139706.00,138627.00,137893.00,137580.00,
Mole Valley,,Non-metropolitan District,88266.00,87852.00,87599.00,86924.00,86762.00,87064.00,87296.00,87642.00,87459.00,87408.00,87233.00,86366.00,85637.00,
Reigate and Banstead,,Non-metropolitan District,155985.00,153674.00,151497.00,149545.00,149048.00,147887.00,146545.00,145621.00,144433.00,143529.00,141348.00,140083.00,138375.00,
Runnymede,,Non-metropolitan District,90442.00,89069.00,87830.00,87200.00,86660.00,85538.00,84920.00,84725.00,83730.00,82874.00,82229.00,81261.00,80501.00,
Spelthorne,,Non-metropolitan District,103954.00,103658.00,103036.00,102304.00,102062.00,101151.00,100819.00,100461.00,99755.00,99057.00,98252.00,97163.00,95852.00,
Surrey Heath,,Non-metropolitan District,92168.00,91266.00,90653.00,90457.00,90544.00,89550.00,89537.00,89397.00,88945.00,88437.00,87591.00,86985.00,86378.00,
Tandridge,,Non-metropolitan District,89409.00,88884.00,88127.00,87248.00,86923.00,86525.00,86457.00,85901.00,85527.00,85121.00,84477.00,83527.00,83178.00,
Waverley,,Non-metropolitan District,132146.00,130329.00,128880.00,126260.00,125691.00,125159.00,125138.00,124949.00,124436.00,123839.00,123121.00,122173.00,121754.00,
Woking,,Non-metropolitan District,104636.00,104290.00,103900.00,103882.00,104423.00,104510.00,104299.00,104233.00,103286.00,102588.00,101831.00,100565.00,99493.00,
West Sussex,Sussex,County,900862.00,892807.00,885048.00,875354.00,871740.00,866248.00,859537.00,851868.00,842534.00,833969.00,825301.00,817521.00,808919.00,
Adur,,Non-metropolitan District,64687.00,64725.00,64632.00,64550.00,64580.00,64230.00,64144.00,63947.00,63808.00,63525.00,62850.00,62158.00,61334.00,
Arun,,Non-metropolitan District,168008.00,166381.00,165219.00,163661.00,163310.00,162647.00,161338.00,159363.00,157474.00,155983.00,154034.00,152162.00,149811.00,
Chichester,,Non-metropolitan District,128003.00,126200.00,124517.00,123032.00,122815.00,122185.00,121442.00,119711.00,118447.00,116870.00,116120.00,115042.00,113995.00,
Crawley,,Non-metropolitan District,120545.00,119700.00,118607.00,117793.00,117144.00,116472.00,115083.00,114243.00,112952.00,111522.00,110190.00,108974.00,107053.00,
Horsham,,Non-metropolitan District,149464.00,148769.00,147500.00,144377.00,142932.00,141468.00,139862.00,138257.00,135832.00,134201.00,132807.00,132145.00,131540.00,
Mid Sussex,,Non-metropolitan District,157915.00,155010.00,152919.00,150877.00,150027.00,148966.00,147679.00,147001.00,145684.00,144577.00,142951.00,141243.00,140188.00,
Worthing,,Non-metropolitan District,112240.00,112022.00,111654.00,111064.00,110932.00,110280.00,109989.00,109346.00,108337.00,107291.00,106349.00,105797.00,104998.00,
SOUTH WEST,South West,Region,5811259.00,5766937.00,5712822.00,5661990.00,5642792.00,5609701.00,5574666.00,5526982.00,5471487.00,5422159.00,5374783.00,5336343.00,5300831.00,
Bath and North East Somerset,Avon and Somerset,Unitary Authority,199818.00,195988.00,192419.00,191974.00,190176.00,189489.00,186894.00,185507.00,182561.00,180065.00,178743.00,176598.00,175538.00,
"Bournemouth, Christchurch and Poole",Dorset,Unitary Authority,404050.00,402559.00,400155.00,399564.00,400182.00,400064.00,399374.00,397066.00,392499.00,389727.00,385483.00,382465.00,379441.00,
"Bristol, City of",Avon and Somerset,Unitary Authority,482998.00,478636.00,471285.00,471851.00,469920.00,467026.00,463113.00,459588.00,451790.00,443834.00,438984.00,433264.00,428074.00,
Cornwall,Devon and Cornwall,Unitary Authority,578324.00,575532.00,571948.00,565045.00,563695.00,559961.00,556921.00,551203.00,547334.00,543778.00,540061.00,537411.00,533760.00,
Dorset,Dorset,Unitary Authority,384809.00,383373.00,381245.00,377670.00,377699.00,375604.00,374675.00,372416.00,370728.00,368694.00,367651.00,366572.00,365897.00,
Isles of Scilly,Devon and Cornwall,Unitary Authority,2229.00,2281.00,2271.00,2030.00,2098.00,2166.00,2170.00,2236.00,2238.00,2188.00,2214.00,2249.00,2224.00,
North Somerset,Avon and Somerset,Unitary Authority,221146.00,219165.00,217385.00,215850.00,215540.00,214360.00,213701.00,212660.00,210553.00,208617.00,206403.00,204465.00,203091.00,
Plymouth,Devon and Cornwall,Unitary Authority,268736.00,267063.00,264768.00,264830.00,265041.00,265689.00,265294.00,264440.00,263088.00,261980.00,259549.00,257886.00,256589.00,
Somerset,Avon and Somerset,Unitary Authority,581145.00,577091.00,573100.00,566310.00,564987.00,562159.00,558895.00,554806.00,548792.00,544312.00,539465.00,535842.00,531581.00,
South Gloucestershire,Avon and Somerset,Unitary Authority,299439.00,295307.00,290886.00,287182.00,284563.00,281719.00,278379.00,275808.00,272189.00,269840.00,268167.00,265741.00,263417.00,
Swindon,Wiltshire,Unitary Authority,238417.00,235652.00,233760.00,232574.00,231934.00,230174.00,227680.00,224498.00,221805.00,218998.00,215994.00,212801.00,209709.00,
Torbay,Devon and Cornwall,Unitary Authority,139485.00,139409.00,139440.00,138695.00,138754.00,138100.00,137329.00,136172.00,135052.00,134217.00,132920.00,131806.00,131193.00,
Wiltshire,Wiltshire,Unitary Authority,517979.00,516107.00,513240.00,507047.00,502985.00,498703.00,497177.00,492706.00,488377.00,484344.00,479505.00,476806.00,474319.00,
Devon,Devon and Cornwall,County,833408.00,826108.00,814435.00,800796.00,796542.00,789834.00,783352.00,773800.00,766810.00,760234.00,754431.00,751136.00,747709.00,
East Devon,,Non-metropolitan District,156167.00,154374.00,152065.00,148592.00,147346.00,145151.00,143284.00,140917.00,138588.00,136571.00,134763.00,134117.00,133272.00,
Exeter,,Non-metropolitan District,137050.00,134811.00,129527.00,127345.00,126312.00,125758.00,124817.00,123347.00,121583.00,119789.00,118994.00,117980.00,117063.00,
Mid Devon,,Non-metropolitan District,84148.00,83812.00,83171.00,82130.00,81434.00,80858.00,80054.00,79448.00,79167.00,78969.00,78572.00,78318.00,77936.00,
North Devon,,Non-metropolitan District,100543.00,100455.00,99398.00,97622.00,97325.00,96052.00,95356.00,94407.00,93859.00,93740.00,93610.00,93742.00,93976.00,
South Hams,,Non-metropolitan District,90842.00,89808.00,89161.00,87371.00,86458.00,85874.00,85183.00,84554.00,84616.00,84221.00,83867.00,83523.00,83563.00,
Teignbridge,,Non-metropolitan District,137074.00,135972.00,135189.00,133869.00,133965.00,132707.00,131572.00,129668.00,128566.00,127236.00,125754.00,124830.00,124271.00,
Torridge,,Non-metropolitan District,68830.00,68664.00,68444.00,67631.00,67837.00,67787.00,67529.00,66512.00,65808.00,65306.00,64860.00,64688.00,63973.00,
West Devon,,Non-metropolitan District,58754.00,58212.00,57480.00,56236.00,55865.00,55647.00,55557.00,54947.00,54623.00,54402.00,54011.00,53938.00,53655.00,
Gloucestershire,Gloucestershire,County,659276.00,652666.00,646485.00,640572.00,638676.00,634653.00,629712.00,624076.00,617671.00,611331.00,605213.00,601301.00,598289.00,
Cheltenham,,Non-metropolitan District,120255.00,119585.00,118838.00,118924.00,119459.00,119600.00,119303.00,118953.00,117693.00,117094.00,116164.00,116018.00,115645.00,
Cotswold,,Non-metropolitan District,91490.00,91360.00,91076.00,89824.00,89632.00,88814.00,87540.00,85994.00,85293.00,84656.00,83986.00,83483.00,83180.00,
Forest of Dean,,Non-metropolitan District,89104.00,87934.00,87114.00,86454.00,86274.00,86133.00,85557.00,85135.00,84335.00,83377.00,82672.00,82437.00,82200.00,
Gloucester,,Non-metropolitan District,134991.00,133530.00,132564.00,132112.00,131776.00,131320.00,130898.00,129716.00,128032.00,126167.00,124947.00,123467.00,121921.00,
Stroud,,Non-metropolitan District,124540.00,123225.00,121493.00,119511.00,118832.00,118172.00,117613.00,117213.00,116770.00,115211.00,113895.00,113328.00,113074.00,
Tewkesbury,,Non-metropolitan District,98896.00,97032.00,95400.00,93747.00,92703.00,90614.00,88801.00,87065.00,85548.00,84826.00,83549.00,82568.00,82269.00,
WALES,WALES,Country,3164404.00,3132676.00,3105633.00,3104483.00,3087732.00,3083840.00,3081366.00,3077165.00,3072739.00,3073788.00,3071058.00,3070928.00,3063758.00,
Isle of Anglesey,North Wales,Unitary Authority,69291.00,69070.00,68937.00,68794.00,68278.00,68539.00,68617.00,68826.00,69415.00,69761.00,69880.00,69964.00,69913.00,
Gwynedd,North Wales,Unitary Authority,119173.00,117997.00,117072.00,118180.00,117584.00,118129.00,118881.00,118958.00,119632.00,119796.00,120403.00,121439.00,121523.00,
Conwy,North Wales,Unitary Authority,114410.00,114303.00,114788.00,114651.00,114196.00,114387.00,114855.00,115391.00,115380.00,115700.00,115313.00,115432.00,115326.00,
Denbighshire,North Wales,Unitary Authority,97156.00,96602.00,96047.00,95558.00,94766.00,94596.00,94597.00,94723.00,94691.00,94670.00,94378.00,94119.00,93919.00,
Flintshire,North Wales,Unitary Authority,155812.00,155334.00,155045.00,155004.00,154592.00,154587.00,154587.00,154166.00,153688.00,153439.00,152906.00,152660.00,152666.00,
Wrexham,North Wales,Unitary Authority,136149.00,135389.00,135152.00,135980.00,135899.00,136244.00,135619.00,135354.00,135565.00,135983.00,135861.00,135589.00,135070.00,
Powys,Dyfed-Powys,Unitary Authority,134439.00,133874.00,133521.00,132199.00,131556.00,131967.00,132460.00,132531.00,132945.00,132809.00,132719.00,133146.00,133071.00,
Ceredigion,Dyfed-Powys,Unitary Authority,73050.00,71873.00,70676.00,71421.00,70639.00,71291.00,72220.00,72900.00,73724.00,75197.00,76087.00,76215.00,75293.00,
Pembrokeshire,Dyfed-Powys,Unitary Authority,125006.00,124365.00,123633.00,122572.00,121432.00,121194.00,121382.00,121438.00,121721.00,122148.00,122302.00,122621.00,122613.00,
Carmarthenshire,Dyfed-Powys,Unitary Authority,190083.00,189148.00,188172.00,187391.00,186125.00,185444.00,184984.00,184985.00,184404.00,184349.00,184252.00,184206.00,183961.00,
Swansea,South Wales,Unitary Authority,246742.00,242039.00,237897.00,238992.00,238707.00,239184.00,239266.00,239300.00,239354.00,239228.00,239237.00,239197.00,238691.00,
Neath Port Talbot,South Wales,Unitary Authority,142898.00,142204.00,141934.00,142308.00,141385.00,141342.00,141022.00,141000.00,139704.00,139439.00,139093.00,139694.00,139880.00,
Bridgend,South Wales,Unitary Authority,146743.00,146135.00,145738.00,145434.00,144500.00,143583.00,143355.00,142887.00,142177.00,141333.00,140579.00,139985.00,139410.00,
Vale of Glamorgan,South Wales,Unitary Authority,134733.00,133619.00,132491.00,131224.00,129802.00,129165.00,128377.00,127082.00,126261.00,126714.00,126458.00,126703.00,126679.00,
Cardiff,South Wales,Unitary Authority,383536.00,371104.00,359824.00,360287.00,357137.00,355125.00,354348.00,352982.00,351600.00,350949.00,349982.00,348084.00,345442.00,
Rhondda Cynon Taf,South Wales,Unitary Authority,241178.00,239235.00,237545.00,238039.00,237574.00,236685.00,236357.00,235567.00,235233.00,235284.00,235145.00,235271.00,234373.00,
Merthyr Tydfil,South Wales,Unitary Authority,58593.00,58881.00,58869.00,59194.00,59255.00,59349.00,59337.00,59247.00,58922.00,58859.00,58791.00,58869.00,58851.00,
Caerphilly,Gwent,Unitary Authority,176437.00,176131.00,175999.00,176805.00,176735.00,177277.00,177610.00,178013.00,178269.00,178513.00,178236.00,178563.00,178782.00,
Blaenau Gwent,Gwent,Unitary Authority,67356.00,66960.00,66989.00,67219.00,67382.00,67566.00,67829.00,68135.00,68395.00,68737.00,69186.00,69589.00,69812.00,
Torfaen,Gwent,Unitary Authority,93419.00,92863.00,92454.00,92337.00,91685.00,91130.00,90638.00,90730.00,90844.00,90866.00,90842.00,91199.00,91190.00,
Monmouthshire,Gwent,Unitary Authority,94572.00,93985.00,93163.00,92456.00,91730.00,91834.00,91791.00,92024.00,91867.00,91864.00,91822.00,91623.00,91508.00,
Newport,Gwent,Unitary Authority,163628.00,161565.00,159687.00,158438.00,156773.00,155222.00,153234.00,150926.00,148948.00,148150.00,147586.00,146760.00,145785.00,
